"source_metabolite","target_metabolite","tom_weight","module"
"114_5595388","152_0823601",0.285513368180839,"MEsalmon"
"114_5626974","152_0823601",0.282876134357278,"MEsalmon"
"152_0823601","157_061433",0.252603101885918,"MEsalmon"
"110_0717633","157_0744337",0.257520961605089,"MEsalmon"
"110_0717633","157_08076",0.253073453538029,"MEsalmon"
"146_0716624","164_0824199",0.253937604362413,"MEsalmon"
"152_0823601","164_0824199",0.262502895986537,"MEsalmon"
"157_0744337","164_0824199",0.275809689487043,"MEsalmon"
"157_08076","164_0824199",0.270480234474719,"MEsalmon"
"146_0716624","170_0930714",0.259193852408559,"MEsalmon"
"152_0823601","170_0930714",0.259628633972251,"MEsalmon"
"164_0824199","170_0930714",0.285900786605192,"MEsalmon"
"146_0716624","180_0773581",0.259113307885453,"MEsalmon"
"152_0823601","180_0773581",0.266156401098427,"MEsalmon"
"157_0744337","180_0773581",0.272425957892864,"MEsalmon"
"157_08076","180_0773581",0.267398554203854,"MEsalmon"
"164_0824199","180_0773581",0.28217760930209,"MEsalmon"
"170_0930714","180_0773581",0.284012454838436,"MEsalmon"
"157_0744337","181_1090049",0.2578458685896,"MEsalmon"
"157_08076","181_1090049",0.253427783793345,"MEsalmon"
"164_0824199","181_1090049",0.268643448934059,"MEsalmon"
"170_0930714","181_1090049",0.271723789237609,"MEsalmon"
"180_0773581","181_1090049",0.277265654840507,"MEsalmon"
"152_0823601","198_0877851",0.282810835349433,"MEsalmon"
"114_5626974","199_0911534",0.250220112970899,"MEsalmon"
"152_0823601","199_0911534",0.29456086426303,"MEsalmon"
"136_0871683","209_1039279",0.258006253058028,"MEsalmon"
"152_0823601","209_1039279",0.270859105562133,"MEsalmon"
"157_0744337","209_1039279",0.270743734203186,"MEsalmon"
"157_08076","209_1039279",0.26586647125728,"MEsalmon"
"164_0824199","209_1039279",0.287384543685316,"MEsalmon"
"170_0930714","209_1039279",0.292010485249886,"MEsalmon"
"180_0773581","209_1039279",0.296898286632304,"MEsalmon"
"181_1090049","209_1039279",0.273855643690746,"MEsalmon"
"192_0772858","209_1039279",0.253383679887074,"MEsalmon"
"152_0823601","210_1072766",0.258954273736178,"MEsalmon"
"164_0824199","210_1072766",0.272058130692793,"MEsalmon"
"170_0930714","210_1072766",0.275137016597153,"MEsalmon"
"180_0773581","210_1072766",0.279420950494866,"MEsalmon"
"181_1090049","210_1072766",0.259517769684113,"MEsalmon"
"209_1039279","210_1072766",0.274949923430555,"MEsalmon"
"152_0823601","211_0913221",0.250684942803091,"MEsalmon"
"157_0744337","211_0913221",0.251698170832664,"MEsalmon"
"164_0824199","211_0913221",0.264144101954724,"MEsalmon"
"170_0930714","211_0913221",0.268850530674861,"MEsalmon"
"180_0773581","211_0913221",0.271243831344465,"MEsalmon"
"181_1090049","211_0913221",0.25800121251992,"MEsalmon"
"209_1039279","211_0913221",0.278466086345001,"MEsalmon"
"210_1072766","211_0913221",0.266113780830908,"MEsalmon"
"146_0716624","227_1130013",0.251605563188739,"MEsalmon"
"164_0824199","227_1130013",0.269409994410077,"MEsalmon"
"180_0773581","227_1130013",0.265236271950398,"MEsalmon"
"181_1090049","227_1130013",0.265324110854378,"MEsalmon"
"209_1039279","227_1130013",0.281794426140551,"MEsalmon"
"210_1072766","227_1130013",0.266886294149737,"MEsalmon"
"211_0913221","227_1130013",0.258849468860015,"MEsalmon"
"136_0871683","228_1117789",0.251281821124683,"MEsalmon"
"152_0823601","228_1117789",0.26778035823024,"MEsalmon"
"157_0744337","228_1117789",0.265070749346642,"MEsalmon"
"157_08076","228_1117789",0.261237773258352,"MEsalmon"
"164_0824199","228_1117789",0.280149615472797,"MEsalmon"
"170_0930714","228_1117789",0.287876727580418,"MEsalmon"
"180_0773581","228_1117789",0.287489990959573,"MEsalmon"
"181_1090049","228_1117789",0.267907757201432,"MEsalmon"
"209_1039279","228_1117789",0.279599328303748,"MEsalmon"
"210_1072766","228_1117789",0.261970357895338,"MEsalmon"
"211_0913221","228_1117789",0.271074640202218,"MEsalmon"
"227_1130013","228_1117789",0.276899354635378,"MEsalmon"
"114_5626974","228_1179908",0.252015000881232,"MEsalmon"
"136_0871683","228_1179908",0.268509061116727,"MEsalmon"
"146_0716624","228_1179908",0.253887498009133,"MEsalmon"
"152_0823601","228_1179908",0.284740785691397,"MEsalmon"
"157_061433","228_1179908",0.267659407898699,"MEsalmon"
"157_0744337","228_1179908",0.285649823325719,"MEsalmon"
"157_08076","228_1179908",0.281456015283895,"MEsalmon"
"164_0824199","228_1179908",0.301068239383992,"MEsalmon"
"170_0930714","228_1179908",0.307456649283793,"MEsalmon"
"180_0773581","228_1179908",0.308764639291171,"MEsalmon"
"181_1090049","228_1179908",0.28846868053042,"MEsalmon"
"192_0772858","228_1179908",0.268044662462642,"MEsalmon"
"199_0911534","228_1179908",0.261656018197684,"MEsalmon"
"209_1039279","228_1179908",0.299919528133815,"MEsalmon"
"210_1072766","228_1179908",0.280587191718033,"MEsalmon"
"211_0913221","228_1179908",0.291130413409955,"MEsalmon"
"227_1130013","228_1179908",0.297684383931349,"MEsalmon"
"228_1117789","228_1179908",0.285980096983573,"MEsalmon"
"179_062647","180_9045548",0.254023849573784,"MEturquoise"
"111_0897684","191_0408271",0.264513324456195,"MEturquoise"
"179_062647","191_0408271",0.289159462940188,"MEturquoise"
"180_9045548","191_0408271",0.297559106949593,"MEturquoise"
"179_062647","194_0330708",0.256858595407913,"MEturquoise"
"191_0408271","194_0330708",0.264609818986227,"MEturquoise"
"179_062647","198_9747464",0.283612610597817,"MEturquoise"
"180_9045548","198_9747464",0.256845548961397,"MEturquoise"
"191_0408271","198_9747464",0.297449891211529,"MEturquoise"
"191_0408271","207_0147953",0.274028760456308,"MEturquoise"
"191_0408271","207_9988807",0.252094801654135,"MEturquoise"
"191_0408271","210_0507879",0.279187753993865,"MEturquoise"
"111_0897684","214_006924",0.278942237704214,"MEturquoise"
"179_062647","214_006924",0.299662138903114,"MEturquoise"
"179_0909309","214_006924",0.252134946049549,"MEturquoise"
"180_9045548","214_006924",0.313386120302689,"MEturquoise"
"191_0408271","214_006924",0.355162658535568,"MEturquoise"
"194_0330708","214_006924",0.26529610625093,"MEturquoise"
"198_9747464","214_006924",0.307535989989903,"MEturquoise"
"207_0147953","214_006924",0.279253847735076,"MEturquoise"
"207_9988807","214_006924",0.256795754320326,"MEturquoise"
"210_0507879","214_006924",0.298067334683734,"MEturquoise"
"179_062647","216_015376",0.255308429956203,"MEturquoise"
"180_9045548","216_015376",0.268481083116326,"MEturquoise"
"191_0408271","216_015376",0.305663804796219,"MEturquoise"
"194_0330708","216_015376",0.253867604310695,"MEturquoise"
"214_006924","216_015376",0.31598051540609,"MEturquoise"
"191_0408271","218_0220922",0.280431236537478,"MEturquoise"
"214_006924","218_0220922",0.29526444744762,"MEturquoise"
"179_062647","226_0459948",0.276022145049677,"MEturquoise"
"180_9045548","226_0459948",0.282539685908923,"MEturquoise"
"191_0408271","226_0459948",0.318161129608195,"MEturquoise"
"214_006924","226_0459948",0.332975347172125,"MEturquoise"
"216_015376","226_0459948",0.272263319729352,"MEturquoise"
"180_9045548","235_0576314",0.251360929115251,"MEturquoise"
"191_0408271","235_0576314",0.290112552291173,"MEturquoise"
"214_006924","235_0576314",0.301380925264166,"MEturquoise"
"216_015376","235_0576314",0.265980533115865,"MEturquoise"
"179_062647","249_0965969",0.289070322419782,"MEturquoise"
"179_0909309","249_0965969",0.25946794692897,"MEturquoise"
"180_9045548","249_0965969",0.261416218642611,"MEturquoise"
"191_0408271","249_0965969",0.288123841792418,"MEturquoise"
"192_0749193","249_0965969",0.259001850061005,"MEturquoise"
"194_0330708","249_0965969",0.263908499618355,"MEturquoise"
"198_9747464","249_0965969",0.298962926830888,"MEturquoise"
"214_006924","249_0965969",0.281138632896576,"MEturquoise"
"216_015376","249_0965969",0.259336710726619,"MEturquoise"
"226_0459948","249_0965969",0.284464307732652,"MEturquoise"
"179_062647","250_0999527",0.279824773236988,"MEturquoise"
"179_0909309","250_0999527",0.251102203802974,"MEturquoise"
"180_9045548","250_0999527",0.25252162356181,"MEturquoise"
"191_0408271","250_0999527",0.278329014021979,"MEturquoise"
"192_0749193","250_0999527",0.251805271429825,"MEturquoise"
"194_0330708","250_0999527",0.256887207480441,"MEturquoise"
"198_9747464","250_0999527",0.289773588330956,"MEturquoise"
"214_006924","250_0999527",0.277829320732102,"MEturquoise"
"216_015376","250_0999527",0.251332639073428,"MEturquoise"
"226_0459948","250_0999527",0.274882658930927,"MEturquoise"
"249_0965969","250_0999527",0.278750378719187,"MEturquoise"
"179_062647","260_027772",0.261977620641074,"MEturquoise"
"191_0408271","260_027772",0.287578988124481,"MEturquoise"
"214_006924","260_027772",0.301167754113129,"MEturquoise"
"249_0965969","260_027772",0.275803854755257,"MEturquoise"
"250_0999527","260_027772",0.266021958494557,"MEturquoise"
"111_0897684","269_0802017",0.259053213903891,"MEturquoise"
"179_062647","269_0802017",0.259331765318547,"MEturquoise"
"180_9045548","269_0802017",0.287509961987915,"MEturquoise"
"191_0408271","269_0802017",0.345275343179712,"MEturquoise"
"210_0507879","269_0802017",0.251045691532845,"MEturquoise"
"214_006924","269_0802017",0.367010057276876,"MEturquoise"
"216_015376","269_0802017",0.283820066791922,"MEturquoise"
"218_0220922","269_0802017",0.259315399885479,"MEturquoise"
"226_0459948","269_0802017",0.256553584364557,"MEturquoise"
"249_0965969","269_0802017",0.260410799444691,"MEturquoise"
"250_0999527","269_0802017",0.250265788099533,"MEturquoise"
"260_027772","269_0802017",0.257400984206407,"MEturquoise"
"111_0897684","271_0784932",0.286496052466568,"MEturquoise"
"158_9226476","271_0784932",0.25068401001338,"MEturquoise"
"179_062647","271_0784932",0.313211210668955,"MEturquoise"
"179_0909309","271_0784932",0.264222905493531,"MEturquoise"
"180_9045548","271_0784932",0.324474892731247,"MEturquoise"
"191_0408271","271_0784932",0.366682089194649,"MEturquoise"
"192_0749193","271_0784932",0.263941406739193,"MEturquoise"
"194_0330708","271_0784932",0.278128346014703,"MEturquoise"
"198_9747464","271_0784932",0.321631301847801,"MEturquoise"
"207_0147953","271_0784932",0.280662167475771,"MEturquoise"
"207_9988807","271_0784932",0.264075083565624,"MEturquoise"
"210_0507879","271_0784932",0.303591446067052,"MEturquoise"
"214_006924","271_0784932",0.362927947075343,"MEturquoise"
"216_015376","271_0784932",0.326483779094651,"MEturquoise"
"218_0220922","271_0784932",0.303087841159851,"MEturquoise"
"226_0459948","271_0784932",0.344887051645575,"MEturquoise"
"235_0576314","271_0784932",0.307145190738505,"MEturquoise"
"249_0965969","271_0784932",0.29137408436442,"MEturquoise"
"250_0999527","271_0784932",0.291991814731744,"MEturquoise"
"260_027772","271_0784932",0.313101174020021,"MEturquoise"
"269_0802017","271_0784932",0.375946143805925,"MEturquoise"
"179_062647","272_0816753",0.257513891835867,"MEturquoise"
"180_9045548","272_0816753",0.261094994756815,"MEturquoise"
"191_0408271","272_0816753",0.30459390547013,"MEturquoise"
"214_006924","272_0816753",0.321054300573357,"MEturquoise"
"216_015376","272_0816753",0.253257141142343,"MEturquoise"
"249_0965969","272_0816753",0.268455610556415,"MEturquoise"
"250_0999527","272_0816753",0.258948462369074,"MEturquoise"
"269_0802017","272_0816753",0.256300416176267,"MEturquoise"
"271_0784932","272_0816753",0.331554874211019,"MEturquoise"
"111_0897684","279_0643893",0.275095609991666,"MEturquoise"
"180_9045548","279_0643893",0.278488888704065,"MEturquoise"
"191_0408271","279_0643893",0.339510123220108,"MEturquoise"
"214_006924","279_0643893",0.361682892569368,"MEturquoise"
"216_015376","279_0643893",0.277356342320009,"MEturquoise"
"218_0220922","279_0643893",0.255025197854602,"MEturquoise"
"269_0802017","279_0643893",0.359746639014918,"MEturquoise"
"271_0784932","279_0643893",0.36848349070552,"MEturquoise"
"180_9045548","281_0800824",0.279589946592351,"MEturquoise"
"191_0408271","281_0800824",0.341541054036438,"MEturquoise"
"214_006924","281_0800824",0.363409664458965,"MEturquoise"
"216_015376","281_0800824",0.278834688910276,"MEturquoise"
"260_027772","281_0800824",0.253809016846464,"MEturquoise"
"269_0802017","281_0800824",0.376684685469099,"MEturquoise"
"271_0784932","281_0800824",0.369044776450829,"MEturquoise"
"279_0643893","281_0800824",0.410422211327912,"MEturquoise"
"180_9045548","282_083494",0.279042630862368,"MEturquoise"
"191_0408271","282_083494",0.340500771853306,"MEturquoise"
"214_006924","282_083494",0.362348341723053,"MEturquoise"
"216_015376","282_083494",0.277790257775359,"MEturquoise"
"260_027772","282_083494",0.25348110350058,"MEturquoise"
"269_0802017","282_083494",0.375082458092728,"MEturquoise"
"271_0784932","282_083494",0.36793027749655,"MEturquoise"
"279_0643893","282_083494",0.408462270015331,"MEturquoise"
"281_0800824","282_083494",0.386614379759022,"MEturquoise"
"180_9045548","283_0758788",0.272149411723891,"MEturquoise"
"191_0408271","283_0758788",0.329933620436975,"MEturquoise"
"214_006924","283_0758788",0.351334468803245,"MEturquoise"
"216_015376","283_0758788",0.271702469177063,"MEturquoise"
"269_0802017","283_0758788",0.361789662718525,"MEturquoise"
"271_0784932","283_0758788",0.355770415806727,"MEturquoise"
"279_0643893","283_0758788",0.392434993842998,"MEturquoise"
"281_0800824","283_0758788",0.371962970488011,"MEturquoise"
"282_083494","283_0758788",0.365575084452664,"MEturquoise"
"180_9045548","285_0540661",0.261820502830886,"MEturquoise"
"191_0408271","285_0540661",0.311496223826348,"MEturquoise"
"214_006924","285_0540661",0.326755023790721,"MEturquoise"
"216_015376","285_0540661",0.273155904542873,"MEturquoise"
"269_0802017","285_0540661",0.310326462452162,"MEturquoise"
"271_0784932","285_0540661",0.331062742206455,"MEturquoise"
"279_0643893","285_0540661",0.31083526884434,"MEturquoise"
"281_0800824","285_0540661",0.277428019900531,"MEturquoise"
"282_083494","285_0540661",0.272822447135263,"MEturquoise"
"283_0758788","285_0540661",0.251948320308665,"MEturquoise"
"179_062647","287_0523403",0.263342826277738,"MEturquoise"
"180_9045548","287_0523403",0.275538330612987,"MEturquoise"
"191_0408271","287_0523403",0.315969799600729,"MEturquoise"
"194_0330708","287_0523403",0.256782834644135,"MEturquoise"
"198_9747464","287_0523403",0.26201039753849,"MEturquoise"
"207_0147953","287_0523403",0.262198736600748,"MEturquoise"
"210_0507879","287_0523403",0.251887012124796,"MEturquoise"
"214_006924","287_0523403",0.328613351631184,"MEturquoise"
"216_015376","287_0523403",0.283594746302613,"MEturquoise"
"226_0459948","287_0523403",0.28525707864233,"MEturquoise"
"235_0576314","287_0523403",0.273525067846639,"MEturquoise"
"249_0965969","287_0523403",0.267608060433677,"MEturquoise"
"250_0999527","287_0523403",0.258870541078695,"MEturquoise"
"260_027772","287_0523403",0.253561557941389,"MEturquoise"
"269_0802017","287_0523403",0.306746411983709,"MEturquoise"
"271_0784932","287_0523403",0.338930415613888,"MEturquoise"
"272_0816753","287_0523403",0.268387558548977,"MEturquoise"
"279_0643893","287_0523403",0.300498341982595,"MEturquoise"
"281_0800824","287_0523403",0.303840674529539,"MEturquoise"
"282_083494","287_0523403",0.30283731435964,"MEturquoise"
"283_0758788","287_0523403",0.296463691738988,"MEturquoise"
"285_0540661","287_0523403",0.294762492364755,"MEturquoise"
"180_9045548","287_0710009",0.26159162685571,"MEturquoise"
"191_0408271","287_0710009",0.304670025168552,"MEturquoise"
"210_0507879","287_0710009",0.275519533842388,"MEturquoise"
"214_006924","287_0710009",0.321640251989302,"MEturquoise"
"216_015376","287_0710009",0.269054874324715,"MEturquoise"
"218_0220922","287_0710009",0.277551317740666,"MEturquoise"
"226_0459948","287_0710009",0.273028118843034,"MEturquoise"
"235_0576314","287_0710009",0.267657632406164,"MEturquoise"
"269_0802017","287_0710009",0.294208630336388,"MEturquoise"
"271_0784932","287_0710009",0.331173595857721,"MEturquoise"
"272_0816753","287_0710009",0.266515988610391,"MEturquoise"
"279_0643893","287_0710009",0.289839280879982,"MEturquoise"
"281_0800824","287_0710009",0.280832820666518,"MEturquoise"
"282_083494","287_0710009",0.279828063923035,"MEturquoise"
"283_0758788","287_0710009",0.271703836181865,"MEturquoise"
"285_0540661","287_0710009",0.25413666743692,"MEturquoise"
"287_0523403","287_0710009",0.272289405354308,"MEturquoise"
"179_062647","289_0413784",0.270025774846561,"MEturquoise"
"180_9045548","289_0413784",0.257635858319512,"MEturquoise"
"191_0408271","289_0413784",0.296366350683987,"MEturquoise"
"214_006924","289_0413784",0.312810484815239,"MEturquoise"
"249_0965969","289_0413784",0.283592729912719,"MEturquoise"
"250_0999527","289_0413784",0.273325849017588,"MEturquoise"
"271_0784932","289_0413784",0.323850564180556,"MEturquoise"
"287_0523403","289_0413784",0.257155004711187,"MEturquoise"
"111_0897684","295_0956611",0.291140208731727,"MEturquoise"
"179_062647","295_0956611",0.265913590582325,"MEturquoise"
"180_9045548","295_0956611",0.293497886737591,"MEturquoise"
"191_0408271","295_0956611",0.341941932621857,"MEturquoise"
"198_9747464","295_0956611",0.270147817417016,"MEturquoise"
"207_0147953","295_0956611",0.26408732595513,"MEturquoise"
"210_0507879","295_0956611",0.297705785821553,"MEturquoise"
"214_006924","295_0956611",0.36323986254395,"MEturquoise"
"216_015376","295_0956611",0.298242691834149,"MEturquoise"
"218_0220922","295_0956611",0.27842120468985,"MEturquoise"
"226_0459948","295_0956611",0.307657924739134,"MEturquoise"
"235_0576314","295_0956611",0.29252993123935,"MEturquoise"
"249_0965969","295_0956611",0.265090236942628,"MEturquoise"
"250_0999527","295_0956611",0.255095603484644,"MEturquoise"
"260_027772","295_0956611",0.277743582253743,"MEturquoise"
"269_0802017","295_0956611",0.386030024295088,"MEturquoise"
"271_0784932","295_0956611",0.372993656294107,"MEturquoise"
"272_0816753","295_0956611",0.300833907578706,"MEturquoise"
"279_0643893","295_0956611",0.393273095692567,"MEturquoise"
"281_0800824","295_0956611",0.404239435650797,"MEturquoise"
"282_083494","295_0956611",0.402681642479376,"MEturquoise"
"283_0758788","295_0956611",0.389376302371825,"MEturquoise"
"285_0540661","295_0956611",0.34321395174164,"MEturquoise"
"287_0523403","295_0956611",0.314238115471518,"MEturquoise"
"287_0710009","295_0956611",0.30420738670843,"MEturquoise"
"289_0413784","295_0956611",0.286175740405725,"MEturquoise"
"180_9045548","297_0539403",0.267942809872149,"MEturquoise"
"191_0408271","297_0539403",0.319981992447586,"MEturquoise"
"214_006924","297_0539403",0.33558886587075,"MEturquoise"
"216_015376","297_0539403",0.278128186341873,"MEturquoise"
"269_0802017","297_0539403",0.341660184782251,"MEturquoise"
"271_0784932","297_0539403",0.341448434779439,"MEturquoise"
"279_0643893","297_0539403",0.372602726787675,"MEturquoise"
"281_0800824","297_0539403",0.355690487184074,"MEturquoise"
"282_083494","297_0539403",0.349248045623629,"MEturquoise"
"283_0758788","297_0539403",0.310925143646184,"MEturquoise"
"287_0523403","297_0539403",0.295487800526157,"MEturquoise"
"287_0710009","297_0539403",0.265400835718695,"MEturquoise"
"295_0956611","297_0539403",0.369051044960334,"MEturquoise"
"111_0897684","297_1113372",0.255978292915811,"MEturquoise"
"179_062647","297_1113372",0.265286689133684,"MEturquoise"
"180_9045548","297_1113372",0.288874568107644,"MEturquoise"
"191_0408271","297_1113372",0.344099519678278,"MEturquoise"
"210_0507879","297_1113372",0.254284856667306,"MEturquoise"
"214_006924","297_1113372",0.366239805321628,"MEturquoise"
"216_015376","297_1113372",0.281662369300898,"MEturquoise"
"218_0220922","297_1113372",0.25611823912993,"MEturquoise"
"226_0459948","297_1113372",0.268939965055658,"MEturquoise"
"235_0576314","297_1113372",0.251563790476891,"MEturquoise"
"249_0965969","297_1113372",0.268667924644117,"MEturquoise"
"250_0999527","297_1113372",0.258133191444834,"MEturquoise"
"260_027772","297_1113372",0.260979805546593,"MEturquoise"
"269_0802017","297_1113372",0.348603090963316,"MEturquoise"
"271_0784932","297_1113372",0.376240064007155,"MEturquoise"
"272_0816753","297_1113372",0.263702484685571,"MEturquoise"
"279_0643893","297_1113372",0.358766553120281,"MEturquoise"
"281_0800824","297_1113372",0.374004201426408,"MEturquoise"
"282_083494","297_1113372",0.372760937147754,"MEturquoise"
"283_0758788","297_1113372",0.360244155888712,"MEturquoise"
"285_0540661","297_1113372",0.31252751352248,"MEturquoise"
"287_0523403","297_1113372",0.305140284769445,"MEturquoise"
"287_0710009","297_1113372",0.291837606499855,"MEturquoise"
"289_0413784","297_1113372",0.254595671198441,"MEturquoise"
"295_0956611","297_1113372",0.379553355270347,"MEturquoise"
"297_0539403","297_1113372",0.338185641213768,"MEturquoise"
"179_062647","303_0643956",0.261028944821474,"MEturquoise"
"180_9045548","303_0643956",0.290488239190619,"MEturquoise"
"191_0408271","303_0643956",0.343922389206789,"MEturquoise"
"214_006924","303_0643956",0.364955257189054,"MEturquoise"
"216_015376","303_0643956",0.286394374454134,"MEturquoise"
"218_0220922","303_0643956",0.263277689639955,"MEturquoise"
"249_0965969","303_0643956",0.262481573618908,"MEturquoise"
"250_0999527","303_0643956",0.252528235119763,"MEturquoise"
"260_027772","303_0643956",0.254488679548022,"MEturquoise"
"269_0802017","303_0643956",0.332821236882347,"MEturquoise"
"271_0784932","303_0643956",0.374650441586205,"MEturquoise"
"272_0816753","303_0643956",0.25492370435126,"MEturquoise"
"279_0643893","303_0643956",0.333968961534727,"MEturquoise"
"281_0800824","303_0643956",0.329238436259427,"MEturquoise"
"282_083494","303_0643956",0.327626696621532,"MEturquoise"
"283_0758788","303_0643956",0.315725962593676,"MEturquoise"
"285_0540661","303_0643956",0.276243906690125,"MEturquoise"
"287_0523403","303_0643956",0.306571255611948,"MEturquoise"
"287_0710009","303_0643956",0.298385098256553,"MEturquoise"
"295_0956611","303_0643956",0.376658193997752,"MEturquoise"
"297_0539403","303_0643956",0.301637110128809,"MEturquoise"
"297_1113372","303_0643956",0.337002195753638,"MEturquoise"
"180_9045548","304_0959721",0.27129256120703,"MEturquoise"
"191_0408271","304_0959721",0.330005978067503,"MEturquoise"
"214_006924","304_0959721",0.348973134976591,"MEturquoise"
"216_015376","304_0959721",0.273409632426463,"MEturquoise"
"218_0220922","304_0959721",0.251085721593546,"MEturquoise"
"269_0802017","304_0959721",0.323006306608156,"MEturquoise"
"271_0784932","304_0959721",0.354212993705659,"MEturquoise"
"279_0643893","304_0959721",0.328676302539651,"MEturquoise"
"281_0800824","304_0959721",0.292003218456621,"MEturquoise"
"282_083494","304_0959721",0.286958750719542,"MEturquoise"
"283_0758788","304_0959721",0.262851142238214,"MEturquoise"
"287_0523403","304_0959721",0.294337262955308,"MEturquoise"
"287_0710009","304_0959721",0.281464367209906,"MEturquoise"
"295_0956611","304_0959721",0.360620863494036,"MEturquoise"
"297_1113372","304_0959721",0.324939750215661,"MEturquoise"
"303_0643956","304_0959721",0.288524704668056,"MEturquoise"
"180_9045548","305_0800464",0.264318971975353,"MEturquoise"
"191_0408271","305_0800464",0.329726328693905,"MEturquoise"
"214_006924","305_0800464",0.351297423630464,"MEturquoise"
"216_015376","305_0800464",0.266558060408823,"MEturquoise"
"269_0802017","305_0800464",0.384638723114345,"MEturquoise"
"271_0784932","305_0800464",0.35546788847801,"MEturquoise"
"279_0643893","305_0800464",0.432942257109898,"MEturquoise"
"281_0800824","305_0800464",0.414291134921995,"MEturquoise"
"282_083494","305_0800464",0.406548638576339,"MEturquoise"
"283_0758788","305_0800464",0.359912757490124,"MEturquoise"
"287_0523403","305_0800464",0.292461513722884,"MEturquoise"
"287_0710009","305_0800464",0.267509702402482,"MEturquoise"
"295_0956611","305_0800464",0.403653492778646,"MEturquoise"
"297_0539403","305_0800464",0.322136117701227,"MEturquoise"
"297_1113372","305_0800464",0.377927038808685,"MEturquoise"
"303_0643956","305_0800464",0.333536536852376,"MEturquoise"
"304_0959721","305_0800464",0.278412193162611,"MEturquoise"
"180_9045548","306_0834883",0.263131291224955,"MEturquoise"
"191_0408271","306_0834883",0.32757653245619,"MEturquoise"
"214_006924","306_0834883",0.348480621834784,"MEturquoise"
"216_015376","306_0834883",0.266526492590947,"MEturquoise"
"269_0802017","306_0834883",0.378950977279542,"MEturquoise"
"271_0784932","306_0834883",0.352162746399274,"MEturquoise"
"279_0643893","306_0834883",0.425589873361614,"MEturquoise"
"281_0800824","306_0834883",0.407342468654574,"MEturquoise"
"282_083494","306_0834883",0.399822639749741,"MEturquoise"
"283_0758788","306_0834883",0.355226054637219,"MEturquoise"
"287_0523403","306_0834883",0.292550795975055,"MEturquoise"
"287_0710009","306_0834883",0.26385915203592,"MEturquoise"
"295_0956611","306_0834883",0.398041596450677,"MEturquoise"
"297_0539403","306_0834883",0.31672449192345,"MEturquoise"
"297_1113372","306_0834883",0.373038549063609,"MEturquoise"
"303_0643956","306_0834883",0.328740965514261,"MEturquoise"
"304_0959721","306_0834883",0.276344022552804,"MEturquoise"
"305_0800464","306_0834883",0.365145876834796,"MEturquoise"
"180_9045548","307_0956715",0.274803408568329,"MEturquoise"
"191_0408271","307_0956715",0.337684949107324,"MEturquoise"
"214_006924","307_0956715",0.359595987746196,"MEturquoise"
"216_015376","307_0956715",0.274470277672154,"MEturquoise"
"260_027772","307_0956715",0.251296689852132,"MEturquoise"
"269_0802017","307_0956715",0.372925376374302,"MEturquoise"
"271_0784932","307_0956715",0.365764190069733,"MEturquoise"
"279_0643893","307_0956715",0.4054445747852,"MEturquoise"
"281_0800824","307_0956715",0.385467566338931,"MEturquoise"
"282_083494","307_0956715",0.383618946265525,"MEturquoise"
"283_0758788","307_0956715",0.367605412694643,"MEturquoise"
"285_0540661","307_0956715",0.277198363673292,"MEturquoise"
"287_0523403","307_0956715",0.299233042902446,"MEturquoise"
"287_0710009","307_0956715",0.27991120263091,"MEturquoise"
"295_0956611","307_0956715",0.399958701944358,"MEturquoise"
"297_0539403","307_0956715",0.350796939131124,"MEturquoise"
"297_1113372","307_0956715",0.3695728341605,"MEturquoise"
"303_0643956","307_0956715",0.327066376645187,"MEturquoise"
"304_0959721","307_0956715",0.293894200642468,"MEturquoise"
"305_0800464","307_0956715",0.414400064815689,"MEturquoise"
"306_0834883","307_0956715",0.407362502840867,"MEturquoise"
"179_062647","309_1112991",0.262974553417123,"MEturquoise"
"180_9045548","309_1112991",0.277556744216196,"MEturquoise"
"191_0408271","309_1112991",0.326552262868972,"MEturquoise"
"214_006924","309_1112991",0.345995591232583,"MEturquoise"
"216_015376","309_1112991",0.272337490553294,"MEturquoise"
"249_0965969","309_1112991",0.269048691808664,"MEturquoise"
"250_0999527","309_1112991",0.258643267905668,"MEturquoise"
"260_027772","309_1112991",0.253842573061519,"MEturquoise"
"269_0802017","309_1112991",0.296314635391164,"MEturquoise"
"271_0784932","309_1112991",0.354865187169371,"MEturquoise"
"272_0816753","309_1112991",0.253136638448152,"MEturquoise"
"279_0643893","309_1112991",0.282446699317869,"MEturquoise"
"287_0523403","309_1112991",0.294960726217979,"MEturquoise"
"287_0710009","309_1112991",0.276537303496476,"MEturquoise"
"295_0956611","309_1112991",0.342597369099239,"MEturquoise"
"297_1113372","309_1112991",0.30593701266332,"MEturquoise"
"303_0643956","309_1112991",0.269662423981654,"MEturquoise"
"299_2258084","312_2447912",0.255411482528519,"MEturquoise"
"298_2289545","312_2471734",0.264869937659287,"MEturquoise"
"299_2258084","312_2471734",0.288026762833529,"MEturquoise"
"180_9045548","317_0566504",0.265848683389563,"MEturquoise"
"191_0408271","317_0566504",0.319941313214731,"MEturquoise"
"214_006924","317_0566504",0.341578110828932,"MEturquoise"
"216_015376","317_0566504",0.265205110129926,"MEturquoise"
"269_0802017","317_0566504",0.332661000628428,"MEturquoise"
"271_0784932","317_0566504",0.347699364132301,"MEturquoise"
"279_0643893","317_0566504",0.345342901859642,"MEturquoise"
"281_0800824","317_0566504",0.314449337948048,"MEturquoise"
"282_083494","317_0566504",0.313487882199539,"MEturquoise"
"283_0758788","317_0566504",0.306059231897738,"MEturquoise"
"285_0540661","317_0566504",0.255750894376705,"MEturquoise"
"287_0523403","317_0566504",0.286152001367636,"MEturquoise"
"287_0710009","317_0566504",0.280384073064945,"MEturquoise"
"295_0956611","317_0566504",0.368131070184338,"MEturquoise"
"297_0539403","317_0566504",0.285753481956133,"MEturquoise"
"297_1113372","317_0566504",0.333074862669313,"MEturquoise"
"303_0643956","317_0566504",0.294913106752549,"MEturquoise"
"304_0959721","317_0566504",0.262505587566772,"MEturquoise"
"305_0800464","317_0566504",0.325836192900782,"MEturquoise"
"306_0834883","317_0566504",0.321882423592363,"MEturquoise"
"307_0956715","317_0566504",0.311239266442545,"MEturquoise"
"180_9045548","319_9702653",0.251285204842289,"MEturquoise"
"191_0408271","319_9702653",0.292478714432582,"MEturquoise"
"214_006924","319_9702653",0.305025005289744,"MEturquoise"
"216_015376","319_9702653",0.253759384426188,"MEturquoise"
"269_0802017","319_9702653",0.267486565763621,"MEturquoise"
"271_0784932","319_9702653",0.312886805060905,"MEturquoise"
"279_0643893","319_9702653",0.253332751582499,"MEturquoise"
"287_0523403","319_9702653",0.274194993416509,"MEturquoise"
"295_0956611","319_9702653",0.304457146987767,"MEturquoise"
"297_1113372","319_9702653",0.273835424808433,"MEturquoise"
"180_9045548","321_0538935",0.256663861767614,"MEturquoise"
"191_0408271","321_0538935",0.312600962979859,"MEturquoise"
"214_006924","321_0538935",0.330351903013672,"MEturquoise"
"216_015376","321_0538935",0.264925712397047,"MEturquoise"
"269_0802017","321_0538935",0.351705017973713,"MEturquoise"
"271_0784932","321_0538935",0.334863166878866,"MEturquoise"
"279_0643893","321_0538935",0.392153587809241,"MEturquoise"
"281_0800824","321_0538935",0.374923259869884,"MEturquoise"
"282_083494","321_0538935",0.36763663837063,"MEturquoise"
"283_0758788","321_0538935",0.326358923085262,"MEturquoise"
"287_0523403","321_0538935",0.284743243930443,"MEturquoise"
"287_0710009","321_0538935",0.259607935288401,"MEturquoise"
"295_0956611","321_0538935",0.373507438260211,"MEturquoise"
"297_0539403","321_0538935",0.301525972832026,"MEturquoise"
"297_1113372","321_0538935",0.345465102501203,"MEturquoise"
"303_0643956","321_0538935",0.307849130487992,"MEturquoise"
"304_0959721","321_0538935",0.255358667366162,"MEturquoise"
"305_0800464","321_0538935",0.350647793718334,"MEturquoise"
"306_0834883","321_0538935",0.344299200957991,"MEturquoise"
"307_0956715","321_0538935",0.373386566401934,"MEturquoise"
"317_0566504","321_0538935",0.298604909886163,"MEturquoise"
"179_062647","321_0748927",0.273697267234021,"MEturquoise"
"180_9045548","321_0748927",0.279340220753212,"MEturquoise"
"191_0408271","321_0748927",0.323261971563553,"MEturquoise"
"214_006924","321_0748927",0.341566653682943,"MEturquoise"
"216_015376","321_0748927",0.268209209206261,"MEturquoise"
"249_0965969","321_0748927",0.284745922853659,"MEturquoise"
"250_0999527","321_0748927",0.27419926172391,"MEturquoise"
"260_027772","321_0748927",0.257986212559465,"MEturquoise"
"269_0802017","321_0748927",0.280330484284616,"MEturquoise"
"271_0784932","321_0748927",0.354644801817969,"MEturquoise"
"279_0643893","321_0748927",0.262941937009777,"MEturquoise"
"281_0800824","321_0748927",0.257941186064563,"MEturquoise"
"282_083494","321_0748927",0.257310502413373,"MEturquoise"
"283_0758788","321_0748927",0.251289127182867,"MEturquoise"
"287_0523403","321_0748927",0.288776281259296,"MEturquoise"
"287_0710009","321_0748927",0.272119187372651,"MEturquoise"
"295_0956611","321_0748927",0.329056707277488,"MEturquoise"
"297_1113372","321_0748927",0.293270136378707,"MEturquoise"
"303_0643956","321_0748927",0.263429214348116,"MEturquoise"
"304_0959721","321_0748927",0.250986742621364,"MEturquoise"
"307_0956715","321_0748927",0.254970544555273,"MEturquoise"
"309_1112991","321_0748927",0.263546070016403,"MEturquoise"
"180_9045548","323_069499",0.251191392480223,"MEturquoise"
"191_0408271","323_069499",0.304524496841621,"MEturquoise"
"214_006924","323_069499",0.32341380779423,"MEturquoise"
"216_015376","323_069499",0.260579093744084,"MEturquoise"
"269_0802017","323_069499",0.34213189740993,"MEturquoise"
"271_0784932","323_069499",0.324633152073483,"MEturquoise"
"279_0643893","323_069499",0.370247677157757,"MEturquoise"
"281_0800824","323_069499",0.348003698280333,"MEturquoise"
"282_083494","323_069499",0.342275278737865,"MEturquoise"
"283_0758788","323_069499",0.313966830319663,"MEturquoise"
"287_0523403","323_069499",0.284857548645468,"MEturquoise"
"295_0956611","323_069499",0.364156210938326,"MEturquoise"
"297_0539403","323_069499",0.273616287502728,"MEturquoise"
"297_1113372","323_069499",0.338465641439165,"MEturquoise"
"303_0643956","323_069499",0.297819806627986,"MEturquoise"
"304_0959721","323_069499",0.254345341962845,"MEturquoise"
"305_0800464","323_069499",0.305610593645789,"MEturquoise"
"306_0834883","323_069499",0.29997602575177,"MEturquoise"
"307_0956715","323_069499",0.345908836952953,"MEturquoise"
"317_0566504","323_069499",0.297056861003498,"MEturquoise"
"321_0538935","323_069499",0.293447575561168,"MEturquoise"
"179_062647","323_0905659",0.265343763463675,"MEturquoise"
"180_9045548","323_0905659",0.283212948796815,"MEturquoise"
"191_0408271","323_0905659",0.324844647161683,"MEturquoise"
"214_006924","323_0905659",0.344649966911062,"MEturquoise"
"216_015376","323_0905659",0.271201367761489,"MEturquoise"
"218_0220922","323_0905659",0.256948863445751,"MEturquoise"
"249_0965969","323_0905659",0.276362524125565,"MEturquoise"
"250_0999527","323_0905659",0.266473686482139,"MEturquoise"
"269_0802017","323_0905659",0.274755327495351,"MEturquoise"
"271_0784932","323_0905659",0.358296215492708,"MEturquoise"
"272_0816753","323_0905659",0.251036201463176,"MEturquoise"
"279_0643893","323_0905659",0.254193991336966,"MEturquoise"
"287_0523403","323_0905659",0.287748999888491,"MEturquoise"
"287_0710009","323_0905659",0.291872002872177,"MEturquoise"
"295_0956611","323_0905659",0.329154168034921,"MEturquoise"
"297_1113372","323_0905659",0.287530072496581,"MEturquoise"
"303_0643956","323_0905659",0.256237629433013,"MEturquoise"
"321_0748927","323_0905659",0.259542815471871,"MEturquoise"
"191_0408271","325_1061346",0.280357024046132,"MEturquoise"
"214_006924","325_1061346",0.296811123047505,"MEturquoise"
"249_0965969","325_1061346",0.256914389981315,"MEturquoise"
"271_0784932","325_1061346",0.306260873730012,"MEturquoise"
"287_0523403","325_1061346",0.253855657199904,"MEturquoise"
"295_0956611","325_1061346",0.279261986737327,"MEturquoise"
"180_9045548","327_0157709",0.257615712412793,"MEturquoise"
"191_0408271","327_0157709",0.312688489516923,"MEturquoise"
"214_006924","327_0157709",0.327584224897584,"MEturquoise"
"216_015376","327_0157709",0.268081335282117,"MEturquoise"
"218_0220922","327_0157709",0.268648890310678,"MEturquoise"
"269_0802017","327_0157709",0.265887567016959,"MEturquoise"
"271_0784932","327_0157709",0.333518032037276,"MEturquoise"
"279_0643893","327_0157709",0.256303520390893,"MEturquoise"
"287_0523403","327_0157709",0.277786612099163,"MEturquoise"
"287_0710009","327_0157709",0.296067211667645,"MEturquoise"
"295_0956611","327_0157709",0.31471430195894,"MEturquoise"
"297_1113372","327_0157709",0.269789339420695,"MEturquoise"
"299_2258084","329_2542074",0.253630419320774,"MEturquoise"
"312_2447912","333_2491312",0.250058347611077,"MEturquoise"
"312_2471734","333_2491312",0.274568052223373,"MEturquoise"
"249_0965969","348_0800177",0.256494500192627,"MEturquoise"
"271_0784932","348_0800177",0.257715475663564,"MEturquoise"
"111_0897684","349_0673957",0.274240814753922,"MEturquoise"
"180_9045548","349_0673957",0.269631353118974,"MEturquoise"
"191_0408271","349_0673957",0.328087717081791,"MEturquoise"
"214_006924","349_0673957",0.349054654967155,"MEturquoise"
"216_015376","349_0673957",0.271397250354752,"MEturquoise"
"218_0220922","349_0673957",0.255767502909523,"MEturquoise"
"269_0802017","349_0673957",0.346987759742685,"MEturquoise"
"271_0784932","349_0673957",0.354844590393139,"MEturquoise"
"279_0643893","349_0673957",0.373364160891816,"MEturquoise"
"281_0800824","349_0673957",0.405962371025539,"MEturquoise"
"282_083494","349_0673957",0.404211390054228,"MEturquoise"
"283_0758788","349_0673957",0.388448161138522,"MEturquoise"
"285_0540661","349_0673957",0.298805456618404,"MEturquoise"
"287_0523403","349_0673957",0.290567828978551,"MEturquoise"
"287_0710009","349_0673957",0.289269769060469,"MEturquoise"
"295_0956611","349_0673957",0.380487566441486,"MEturquoise"
"297_0539403","349_0673957",0.373948647611503,"MEturquoise"
"297_1113372","349_0673957",0.344434373508107,"MEturquoise"
"303_0643956","349_0673957",0.323091424438527,"MEturquoise"
"304_0959721","349_0673957",0.3192468666464,"MEturquoise"
"305_0800464","349_0673957",0.427521040094471,"MEturquoise"
"306_0834883","349_0673957",0.418890729378817,"MEturquoise"
"307_0956715","349_0673957",0.398267553101118,"MEturquoise"
"309_1112991","349_0673957",0.268697229116448,"MEturquoise"
"317_0566504","349_0673957",0.339989739176066,"MEturquoise"
"321_0538935","349_0673957",0.391410786360929,"MEturquoise"
"323_069499","349_0673957",0.362753969446852,"MEturquoise"
"327_0157709","349_0673957",0.253806350057881,"MEturquoise"
"214_006924","392_0348944",0.260838439467091,"MEturquoise"
"271_0784932","392_0348944",0.272829339172143,"MEturquoise"
"179_062647","414_016718",0.260744372912587,"MEturquoise"
"180_9045548","414_016718",0.281412790836348,"MEturquoise"
"191_0408271","414_016718",0.32251323395981,"MEturquoise"
"214_006924","414_016718",0.341420250219428,"MEturquoise"
"216_015376","414_016718",0.267893492136835,"MEturquoise"
"218_0220922","414_016718",0.258890860310116,"MEturquoise"
"226_0459948","414_016718",0.255748784402439,"MEturquoise"
"249_0965969","414_016718",0.268471300868618,"MEturquoise"
"250_0999527","414_016718",0.259367610490513,"MEturquoise"
"269_0802017","414_016718",0.274005199099285,"MEturquoise"
"271_0784932","414_016718",0.353392436029509,"MEturquoise"
"279_0643893","414_016718",0.269503758169011,"MEturquoise"
"281_0800824","414_016718",0.267601724995119,"MEturquoise"
"282_083494","414_016718",0.266817121040181,"MEturquoise"
"283_0758788","414_016718",0.257856917553176,"MEturquoise"
"287_0523403","414_016718",0.280384949884843,"MEturquoise"
"287_0710009","414_016718",0.296402381604861,"MEturquoise"
"295_0956611","414_016718",0.325045253560651,"MEturquoise"
"297_1113372","414_016718",0.28152762025655,"MEturquoise"
"303_0643956","414_016718",0.275686192702323,"MEturquoise"
"304_0959721","414_016718",0.255921128076345,"MEturquoise"
"305_0800464","414_016718",0.255790155501746,"MEturquoise"
"306_0834883","414_016718",0.252101274561858,"MEturquoise"
"307_0956715","414_016718",0.26491159817126,"MEturquoise"
"309_1112991","414_016718",0.255818118927149,"MEturquoise"
"317_0566504","414_016718",0.25687287466382,"MEturquoise"
"321_0748927","414_016718",0.256589806255874,"MEturquoise"
"323_0905659","414_016718",0.266947779967675,"MEturquoise"
"349_0673957","414_016718",0.262869859476639,"MEturquoise"
"180_9045548","417_0285956",0.250157210147773,"MEturquoise"
"191_0408271","417_0285956",0.294968120805736,"MEturquoise"
"210_0507879","417_0285956",0.262124537476995,"MEturquoise"
"214_006924","417_0285956",0.312653622921773,"MEturquoise"
"216_015376","417_0285956",0.251796117922495,"MEturquoise"
"218_0220922","417_0285956",0.268436341941585,"MEturquoise"
"235_0576314","417_0285956",0.252307244635977,"MEturquoise"
"269_0802017","417_0285956",0.282792158912203,"MEturquoise"
"271_0784932","417_0285956",0.320607368199917,"MEturquoise"
"279_0643893","417_0285956",0.282618832432716,"MEturquoise"
"281_0800824","417_0285956",0.272767893624379,"MEturquoise"
"282_083494","417_0285956",0.271827015724431,"MEturquoise"
"283_0758788","417_0285956",0.264110365463992,"MEturquoise"
"287_0523403","417_0285956",0.258050107360205,"MEturquoise"
"287_0710009","417_0285956",0.297836993271203,"MEturquoise"
"295_0956611","417_0285956",0.303601759004129,"MEturquoise"
"297_0539403","417_0285956",0.256527768331975,"MEturquoise"
"297_1113372","417_0285956",0.277442576319501,"MEturquoise"
"303_0643956","417_0285956",0.284399692624179,"MEturquoise"
"304_0959721","417_0285956",0.270832495072354,"MEturquoise"
"305_0800464","417_0285956",0.264505499599323,"MEturquoise"
"306_0834883","417_0285956",0.259884416234171,"MEturquoise"
"307_0956715","417_0285956",0.273464287198709,"MEturquoise"
"309_1112991","417_0285956",0.258698939916074,"MEturquoise"
"317_0566504","417_0285956",0.275646975447962,"MEturquoise"
"321_0538935","417_0285956",0.255886479560062,"MEturquoise"
"323_0905659","417_0285956",0.269762715652875,"MEturquoise"
"327_0157709","417_0285956",0.286000068594597,"MEturquoise"
"349_0673957","417_0285956",0.283983891952698,"MEturquoise"
"414_016718","417_0285956",0.273259637026821,"MEturquoise"
"111_0897684","417_0546836",0.265149433335216,"MEturquoise"
"180_9045548","417_0546836",0.274963472562869,"MEturquoise"
"191_0408271","417_0546836",0.333917056209814,"MEturquoise"
"210_0507879","417_0546836",0.253971455282827,"MEturquoise"
"214_006924","417_0546836",0.355767383102343,"MEturquoise"
"216_015376","417_0546836",0.275079979190877,"MEturquoise"
"218_0220922","417_0546836",0.264399091840411,"MEturquoise"
"269_0802017","417_0546836",0.338728725588614,"MEturquoise"
"271_0784932","417_0546836",0.361923340887753,"MEturquoise"
"279_0643893","417_0546836",0.36149439733047,"MEturquoise"
"281_0800824","417_0546836",0.384219082868898,"MEturquoise"
"282_083494","417_0546836",0.38263668456071,"MEturquoise"
"283_0758788","417_0546836",0.370128260853371,"MEturquoise"
"285_0540661","417_0546836",0.299222797045848,"MEturquoise"
"287_0523403","417_0546836",0.294186858760318,"MEturquoise"
"287_0710009","417_0546836",0.29939825327466,"MEturquoise"
"295_0956611","417_0546836",0.37775236226285,"MEturquoise"
"297_0539403","417_0546836",0.350412099010547,"MEturquoise"
"297_1113372","417_0546836",0.338893868710418,"MEturquoise"
"303_0643956","417_0546836",0.32311903144743,"MEturquoise"
"304_0959721","417_0546836",0.318901414746795,"MEturquoise"
"305_0800464","417_0546836",0.397357498859421,"MEturquoise"
"306_0834883","417_0546836",0.390599024034044,"MEturquoise"
"307_0956715","417_0546836",0.377809752442017,"MEturquoise"
"309_1112991","417_0546836",0.279368151672587,"MEturquoise"
"317_0566504","417_0546836",0.335126345394606,"MEturquoise"
"321_0538935","417_0546836",0.363985431995221,"MEturquoise"
"321_0748927","417_0546836",0.259955547034917,"MEturquoise"
"323_069499","417_0546836",0.348641124646801,"MEturquoise"
"323_0905659","417_0546836",0.257994110923936,"MEturquoise"
"327_0157709","417_0546836",0.267290943936133,"MEturquoise"
"349_0673957","417_0546836",0.357229905415454,"MEturquoise"
"414_016718","417_0546836",0.268549579688939,"MEturquoise"
"417_0285956","417_0546836",0.292342223887549,"MEturquoise"
"191_0408271","478_0374974",0.268062940391971,"MEturquoise"
"214_006924","478_0374974",0.28206159772016,"MEturquoise"
"271_0784932","478_0374974",0.294333924545006,"MEturquoise"
"287_0710009","478_0374974",0.264462331340308,"MEturquoise"
"295_0956611","478_0374974",0.268547905602159,"MEturquoise"
"417_0285956","478_0374974",0.256019512983848,"MEturquoise"
"253_0115778","253_0479293",0.254510235882408,"MEgreen"
"207_9899437","253_9956052",0.255852909687331,"MEgreen"
"226_000788","253_9956052",0.257598894177405,"MEgreen"
"253_0115778","253_9956052",0.276967624775708,"MEgreen"
"253_9956052","260_8767598",0.256263455528369,"MEgreen"
"134_0691863","262_0118258",0.252954486886994,"MEgreen"
"207_9899437","262_0118258",0.284949048765694,"MEgreen"
"226_000788","262_0118258",0.274740426953813,"MEgreen"
"226_9013529","262_0118258",0.272463833727527,"MEgreen"
"242_8661683","262_0118258",0.2722358579071,"MEgreen"
"253_0115778","262_0118258",0.312615696372665,"MEgreen"
"253_0479293","262_0118258",0.289867307569,"MEgreen"
"253_9956052","262_0118258",0.308268329852153,"MEgreen"
"260_8767598","262_0118258",0.272988464070769,"MEgreen"
"262_0118258","265_0616259",0.257626492966431,"MEgreen"
"262_0118258","272_0214034",0.254153618054636,"MEgreen"
"226_9013529","272_9068082",0.254919712481662,"MEgreen"
"253_9956052","272_9068082",0.260393437911579,"MEgreen"
"262_0118258","272_9068082",0.291164270776821,"MEgreen"
"122_9249401","275_9774435",0.282481474776843,"MEgreen"
"134_0691863","275_9774435",0.288466333767663,"MEgreen"
"195_9897689","275_9774435",0.295946628048568,"MEgreen"
"207_9899437","275_9774435",0.306074833782665,"MEgreen"
"226_000788","275_9774435",0.305847639015738,"MEgreen"
"226_9013529","275_9774435",0.310611903601488,"MEgreen"
"242_8661683","275_9774435",0.256021629836221,"MEgreen"
"253_0115778","275_9774435",0.288386444517154,"MEgreen"
"253_0479293","275_9774435",0.284525591852097,"MEgreen"
"253_9956052","275_9774435",0.29925440821394,"MEgreen"
"260_8767598","275_9774435",0.27224065788456,"MEgreen"
"262_0118258","275_9774435",0.30365628895708,"MEgreen"
"263_9774587","275_9774435",0.297717606187401,"MEgreen"
"272_9068082","275_9774435",0.308418368156805,"MEgreen"
"274_0434475","275_9774435",0.26082010940767,"MEgreen"
"240_0300063","277_9767446",0.259578047814112,"MEgreen"
"241_0617191","277_9767446",0.259122019210807,"MEgreen"
"268_9765339","277_9767446",0.261552669638086,"MEgreen"
"253_0115778","281_0540306",0.282808984926267,"MEgreen"
"253_0479293","281_0540306",0.263214237313034,"MEgreen"
"253_9956052","281_0540306",0.276767981887157,"MEgreen"
"262_0118258","281_0540306",0.319654099853323,"MEgreen"
"272_9068082","281_0540306",0.250484585126059,"MEgreen"
"275_9774435","281_0540306",0.303495053698886,"MEgreen"
"199_0394739","282_9921512",0.252141333413255,"MEgreen"
"231_0660022","282_9921512",0.255363550271574,"MEgreen"
"240_0300063","282_9921512",0.255281204062184,"MEgreen"
"241_0617191","282_9921512",0.273706598977331,"MEgreen"
"253_0115778","282_9921512",0.252048857349119,"MEgreen"
"277_9767446","282_9921512",0.273496727637639,"MEgreen"
"275_9774435","288_0162607",0.276771341807599,"MEgreen"
"253_0115778","288_8716736",0.258654486844723,"MEgreen"
"262_0118258","288_8716736",0.282181592251055,"MEgreen"
"277_9767446","288_8716736",0.263938156108861,"MEgreen"
"282_9921512","288_8716736",0.276962580604685,"MEgreen"
"262_0118258","296_0252207",0.255476837716367,"MEgreen"
"275_9774435","296_0252207",0.299419393400741,"MEgreen"
"277_9767446","298_8795599",0.252127145100868,"MEgreen"
"262_0118258","310_8533006",0.276530706779584,"MEgreen"
"275_9774435","310_8533006",0.291764132948733,"MEgreen"
"241_0617191","311_0670796",0.255444560273764,"MEgreen"
"277_9767446","311_0670796",0.266408324132105,"MEgreen"
"282_9921512","311_0670796",0.272299558118306,"MEgreen"
"288_8716736","311_0670796",0.258396410923595,"MEgreen"
"277_9767446","315_0182891",0.263596175607497,"MEgreen"
"282_9921512","315_0182891",0.273228049834001,"MEgreen"
"262_0118258","319_9872134",0.262897438133067,"MEgreen"
"275_9774435","319_9872134",0.25264951045876,"MEgreen"
"275_9774435","320_8703151",0.296546063166825,"MEgreen"
"134_0691863","320_9987095",0.250895733984426,"MEgreen"
"195_9897689","320_9987095",0.265587081967482,"MEgreen"
"207_9899437","320_9987095",0.278384615310502,"MEgreen"
"226_000788","320_9987095",0.281513382540257,"MEgreen"
"226_9013529","320_9987095",0.266654409802808,"MEgreen"
"242_8661683","320_9987095",0.257925816540944,"MEgreen"
"253_0115778","320_9987095",0.296056268520255,"MEgreen"
"253_0479293","320_9987095",0.276780399761316,"MEgreen"
"253_9956052","320_9987095",0.295055336169456,"MEgreen"
"260_8767598","320_9987095",0.266307428458771,"MEgreen"
"262_0118258","320_9987095",0.315998396883301,"MEgreen"
"272_9068082","320_9987095",0.280177924922791,"MEgreen"
"275_9774435","320_9987095",0.315548504977942,"MEgreen"
"281_0540306","320_9987095",0.300516368645983,"MEgreen"
"288_8716736","320_9987095",0.254285979931183,"MEgreen"
"296_0252207","320_9987095",0.257022215900018,"MEgreen"
"310_8533006","320_9987095",0.275670787361533,"MEgreen"
"319_9872134","320_9987095",0.259488927605947,"MEgreen"
"262_0118258","321_0351244",0.257526291719643,"MEgreen"
"275_9774435","321_0351244",0.309215744109331,"MEgreen"
"320_9987095","321_0351244",0.264432416591214,"MEgreen"
"148_0186093","323_9821448",0.251653224828391,"MEgreen"
"199_0394739","323_9821448",0.266435909804513,"MEgreen"
"240_0300063","323_9821448",0.276198466086779,"MEgreen"
"241_0617191","323_9821448",0.266715203306662,"MEgreen"
"268_9765339","323_9821448",0.278322497629977,"MEgreen"
"269_9605548","323_9821448",0.270323274765234,"MEgreen"
"277_9767446","323_9821448",0.273581410296998,"MEgreen"
"282_9921512","323_9821448",0.272591244857223,"MEgreen"
"298_8795599","323_9821448",0.253165993329161,"MEgreen"
"311_0670796","323_9821448",0.262994913140462,"MEgreen"
"315_0182891","323_9821448",0.267983419631928,"MEgreen"
"262_0118258","326_0529081",0.251644481911477,"MEgreen"
"275_9774435","326_0529081",0.305968042284488,"MEgreen"
"320_9987095","326_0529081",0.260981341815344,"MEgreen"
"134_0691863","329_9990946",0.251450294695887,"MEgreen"
"195_9897689","329_9990946",0.251531669409208,"MEgreen"
"207_9899437","329_9990946",0.273532244324335,"MEgreen"
"226_000788","329_9990946",0.268706585372613,"MEgreen"
"226_9013529","329_9990946",0.268698381242576,"MEgreen"
"242_8661683","329_9990946",0.252640651464829,"MEgreen"
"253_0115778","329_9990946",0.288284492108833,"MEgreen"
"253_0479293","329_9990946",0.273549904378448,"MEgreen"
"253_9956052","329_9990946",0.288218725142134,"MEgreen"
"260_8767598","329_9990946",0.256473571545951,"MEgreen"
"262_0118258","329_9990946",0.319446669596866,"MEgreen"
"272_9068082","329_9990946",0.280491915814697,"MEgreen"
"275_9774435","329_9990946",0.320176014678379,"MEgreen"
"281_0540306","329_9990946",0.298050665687296,"MEgreen"
"288_8716736","329_9990946",0.250299984530134,"MEgreen"
"296_0252207","329_9990946",0.255560416650159,"MEgreen"
"310_8533006","329_9990946",0.269570637883304,"MEgreen"
"320_9987095","329_9990946",0.308867325945193,"MEgreen"
"321_0351244","329_9990946",0.261850860090812,"MEgreen"
"326_0529081","329_9990946",0.254428238449929,"MEgreen"
"275_9774435","331_0505004",0.292819711139641,"MEgreen"
"320_9987095","331_0505004",0.252079498635926,"MEgreen"
"207_9899437","333_0487844",0.273943410835404,"MEgreen"
"226_000788","333_0487844",0.264833366743596,"MEgreen"
"226_9013529","333_0487844",0.262139533835784,"MEgreen"
"242_8661683","333_0487844",0.263397781572246,"MEgreen"
"253_0115778","333_0487844",0.303270732697538,"MEgreen"
"253_0479293","333_0487844",0.284096120738884,"MEgreen"
"253_9956052","333_0487844",0.298875345857295,"MEgreen"
"260_8767598","333_0487844",0.265153599051401,"MEgreen"
"262_0118258","333_0487844",0.319843743960453,"MEgreen"
"272_9068082","333_0487844",0.282435205608105,"MEgreen"
"275_9774435","333_0487844",0.303236926168478,"MEgreen"
"281_0540306","333_0487844",0.312371540841687,"MEgreen"
"288_8716736","333_0487844",0.277046970867851,"MEgreen"
"310_8533006","333_0487844",0.265539693040134,"MEgreen"
"319_9872134","333_0487844",0.255583255218111,"MEgreen"
"320_9987095","333_0487844",0.30597973658721,"MEgreen"
"329_9990946","333_0487844",0.309768587705313,"MEgreen"
"241_0617191","343_0243609",0.255794035917968,"MEgreen"
"277_9767446","343_0243609",0.270310907870967,"MEgreen"
"282_9921512","343_0243609",0.272844558120338,"MEgreen"
"323_9821448","343_0243609",0.281306003750037,"MEgreen"
"262_0118258","343_0504155",0.27092882074036,"MEgreen"
"275_9774435","343_0504155",0.272604996612683,"MEgreen"
"320_9987095","343_0504155",0.262288304909489,"MEgreen"
"329_9990946","343_0504155",0.258243984490897,"MEgreen"
"333_0487844","343_0504155",0.257146368654317,"MEgreen"
"134_0691863","349_0412803",0.257465689049432,"MEgreen"
"207_9899437","349_0412803",0.252125514771505,"MEgreen"
"226_9013529","349_0412803",0.272711487746697,"MEgreen"
"262_0118258","349_0412803",0.26751083145288,"MEgreen"
"263_9774587","349_0412803",0.273506814416643,"MEgreen"
"272_9068082","349_0412803",0.256066888809663,"MEgreen"
"275_9774435","349_0412803",0.318688942735791,"MEgreen"
"296_0252207","349_0412803",0.259760305654354,"MEgreen"
"320_8703151","349_0412803",0.264838902674106,"MEgreen"
"320_9987095","349_0412803",0.270460248890099,"MEgreen"
"321_0351244","349_0412803",0.284378304526461,"MEgreen"
"326_0529081","349_0412803",0.261574299870088,"MEgreen"
"329_9990946","349_0412803",0.270341509424565,"MEgreen"
"333_0487844","349_0412803",0.258092501354054,"MEgreen"
"242_8661683","356_8589166",0.258189693975286,"MEgreen"
"253_0115778","356_8589166",0.277520089034615,"MEgreen"
"253_9956052","356_8589166",0.274392645288515,"MEgreen"
"260_8767598","356_8589166",0.255978034665203,"MEgreen"
"262_0118258","356_8589166",0.309099883184349,"MEgreen"
"272_9068082","356_8589166",0.250795633418502,"MEgreen"
"275_9774435","356_8589166",0.283081215317471,"MEgreen"
"281_0540306","356_8589166",0.271615204650081,"MEgreen"
"282_9921512","356_8589166",0.256424076600162,"MEgreen"
"288_8716736","356_8589166",0.267600093015799,"MEgreen"
"310_8533006","356_8589166",0.250700019298314,"MEgreen"
"320_9987095","356_8589166",0.288584695361578,"MEgreen"
"329_9990946","356_8589166",0.284000902519886,"MEgreen"
"333_0487844","356_8589166",0.30175154705872,"MEgreen"
"253_0115778","366_8669117",0.262607690381624,"MEgreen"
"262_0118258","366_8669117",0.284087659577846,"MEgreen"
"275_9774435","366_8669117",0.250974324109029,"MEgreen"
"277_9767446","366_8669117",0.258030639217453,"MEgreen"
"281_0540306","366_8669117",0.251461527221774,"MEgreen"
"282_9921512","366_8669117",0.263005315352258,"MEgreen"
"288_8716736","366_8669117",0.253272756199324,"MEgreen"
"320_9987095","366_8669117",0.269057791654638,"MEgreen"
"329_9990946","366_8669117",0.259881460054697,"MEgreen"
"333_0487844","366_8669117",0.276313706794727,"MEgreen"
"356_8589166","366_8669117",0.26401639464302,"MEgreen"
"277_9767446","402_8345594",0.251208542183947,"MEgreen"
"242_8661683","411_0116247",0.258598865853282,"MEgreen"
"253_0115778","411_0116247",0.286373420301929,"MEgreen"
"253_0479293","411_0116247",0.265246100269746,"MEgreen"
"253_9956052","411_0116247",0.275322604549064,"MEgreen"
"260_8767598","411_0116247",0.258133252302762,"MEgreen"
"262_0118258","411_0116247",0.30065339104836,"MEgreen"
"272_0214034","411_0116247",0.250503464173136,"MEgreen"
"275_9774435","411_0116247",0.26468602835862,"MEgreen"
"277_9767446","411_0116247",0.257368702119374,"MEgreen"
"281_0540306","411_0116247",0.287455023265164,"MEgreen"
"282_9921512","411_0116247",0.274714603443292,"MEgreen"
"288_8716736","411_0116247",0.281374735841085,"MEgreen"
"311_0670796","411_0116247",0.256468866517602,"MEgreen"
"319_9872134","411_0116247",0.26093790474474,"MEgreen"
"320_9987095","411_0116247",0.281682488489076,"MEgreen"
"329_9990946","411_0116247",0.276962237256104,"MEgreen"
"333_0487844","411_0116247",0.294087139713304,"MEgreen"
"356_8589166","411_0116247",0.289465660183072,"MEgreen"
"366_8669117","411_0116247",0.277785989638648,"MEgreen"
"253_0115778","411_037742",0.257459445157098,"MEgreen"
"253_9956052","411_037742",0.254292818587062,"MEgreen"
"262_0118258","411_037742",0.2898078097818,"MEgreen"
"275_9774435","411_037742",0.297205195581559,"MEgreen"
"320_9987095","411_037742",0.283317356602816,"MEgreen"
"329_9990946","411_037742",0.27884397159271,"MEgreen"
"333_0487844","411_037742",0.276716751622552,"MEgreen"
"343_0504155","411_037742",0.259050241844522,"MEgreen"
"367_0504555","411_037742",0.268215510029681,"MEgreen"
"253_0115778","434_8540466",0.275861261357449,"MEgreen"
"253_9956052","434_8540466",0.268250633189494,"MEgreen"
"262_0118258","434_8540466",0.305689017227831,"MEgreen"
"275_9774435","434_8540466",0.29267098532804,"MEgreen"
"281_0540306","434_8540466",0.250835719868229,"MEgreen"
"310_8533006","434_8540466",0.251019859706527,"MEgreen"
"320_9987095","434_8540466",0.29569691451973,"MEgreen"
"329_9990946","434_8540466",0.287647685918721,"MEgreen"
"333_0487844","434_8540466",0.296331642603111,"MEgreen"
"356_8589166","434_8540466",0.265969888070281,"MEgreen"
"366_8669117","434_8540466",0.270830860551232,"MEgreen"
"411_0116247","434_8540466",0.281593088077068,"MEgreen"
"405_0712993","451_0765323",0.254609072973292,"MEgreen"
"262_0118258","451_8441756",0.2593682989871,"MEgreen"
"275_9774435","451_8441756",0.303194410423819,"MEgreen"
"320_9987095","451_8441756",0.270902647085006,"MEgreen"
"329_9990946","451_8441756",0.261763419974043,"MEgreen"
"434_8540466","451_8441756",0.25090494349474,"MEgreen"
"282_9921512","454_0049705",0.253038991477778,"MEgreen"
"277_9767446","470_8217549",0.258447139778539,"MEgreen"
"277_9767446","473_0078307",0.257175033649517,"MEgreen"
"282_9921512","473_0078307",0.25640153118882,"MEgreen"
"253_0115778","475_9869189",0.253802621970826,"MEgreen"
"253_9956052","475_9869189",0.254831881443574,"MEgreen"
"262_0118258","475_9869189",0.286929117185784,"MEgreen"
"275_9774435","475_9869189",0.291212113780772,"MEgreen"
"320_9987095","475_9869189",0.278587835832343,"MEgreen"
"329_9990946","475_9869189",0.273576655384362,"MEgreen"
"333_0487844","475_9869189",0.277071488728611,"MEgreen"
"411_0116247","475_9869189",0.252677750547654,"MEgreen"
"262_0118258","479_0248189",0.277231445927079,"MEgreen"
"275_9774435","479_0248189",0.314840891769757,"MEgreen"
"320_9987095","479_0248189",0.281740431808006,"MEgreen"
"329_9990946","479_0248189",0.277708367776769,"MEgreen"
"333_0487844","479_0248189",0.263715825541707,"MEgreen"
"349_0412803","479_0248189",0.263766652898389,"MEgreen"
"367_0504555","479_0248189",0.253312710650545,"MEgreen"
"411_037742","479_0248189",0.250947187917735,"MEgreen"
"275_9774435","492_8125858",0.286739595929393,"MEgreen"
"66_01017706","70_5103716",0.251867812281628,"MEblack"
"81_03697138","94_54263456",0.258134274637045,"MEblack"
"55_00295529","104_0098431",0.256595629577049,"MEblack"
"104_0098431","115_9888848",0.254984554063073,"MEblack"
"55_00295529","121_0235785",0.276487062388061,"MEblack"
"104_0098431","121_0235785",0.260817383327718,"MEblack"
"115_9888848","121_0235785",0.273732472579729,"MEblack"
"121_0235785","137_0297468",0.256680773269249,"MEblack"
"55_00295529","182_9630109",0.265521261206279,"MEblack"
"104_0098431","182_9630109",0.279384821374894,"MEblack"
"107_0080423","182_9630109",0.281064050095492,"MEblack"
"115_9888848","182_9630109",0.255836456754211,"MEblack"
"121_0235785","182_9630109",0.282189583632531,"MEblack"
"123_0142548","182_9630109",0.256650694669816,"MEblack"
"137_0297468","182_9630109",0.266502567759134,"MEblack"
"148_0150336","182_9630109",0.257239205431262,"MEblack"
"158_0304838","182_9630109",0.295299380241865,"MEblack"
"180_9838473","182_9630109",0.262140929283028,"MEblack"
"55_00295529","183_9638",0.272609206171296,"MEblack"
"104_0098431","183_9638",0.286724322982014,"MEblack"
"107_0080423","183_9638",0.284854988657238,"MEblack"
"115_9888848","183_9638",0.261564548209698,"MEblack"
"121_0235785","183_9638",0.289372992949391,"MEblack"
"123_0142548","183_9638",0.259123031851172,"MEblack"
"137_0297468","183_9638",0.272548556776589,"MEblack"
"148_0150336","183_9638",0.263489800500859,"MEblack"
"158_0304838","183_9638",0.30057494617835,"MEblack"
"180_9838473","183_9638",0.268335320721207,"MEblack"
"182_9630109","183_9638",0.305562325985105,"MEblack"
"55_00295529","184_9605497",0.271143757756702,"MEblack"
"104_0098431","184_9605497",0.285008540306442,"MEblack"
"107_0080423","184_9605497",0.28172221807154,"MEblack"
"115_9888848","184_9605497",0.260104816403575,"MEblack"
"121_0235785","184_9605497",0.287732879852811,"MEblack"
"123_0142548","184_9605497",0.255808389474178,"MEblack"
"137_0297468","184_9605497",0.270822041028316,"MEblack"
"148_0150336","184_9605497",0.260909087817055,"MEblack"
"158_0304838","184_9605497",0.299495331095715,"MEblack"
"180_9838473","184_9605497",0.266470149232896,"MEblack"
"182_9630109","184_9605497",0.304590910574014,"MEblack"
"183_9638","184_9605497",0.312865493237567,"MEblack"
"182_9630109","186_0616645",0.284239621197524,"MEblack"
"183_9638","186_0616645",0.287960450741261,"MEblack"
"184_9605497","186_0616645",0.285165841056596,"MEblack"
"182_9630109","188_0409255",0.277577566124371,"MEblack"
"183_9638","188_0409255",0.278545718399128,"MEblack"
"184_9605497","188_0409255",0.275656281826841,"MEblack"
"124_940009","199_9438205",0.255716711686675,"MEblack"
"158_0304838","199_9438205",0.251209966464589,"MEblack"
"170_9458073","199_9438205",0.267315004238815,"MEblack"
"182_9630109","200_0772426",0.264737539085894,"MEblack"
"183_9638","200_0772426",0.265865415811606,"MEblack"
"184_9605497","200_0772426",0.265618445083373,"MEblack"
"124_940009","200_9447114",0.254604727061533,"MEblack"
"170_9458073","200_9447114",0.259289592758714,"MEblack"
"199_9438205","200_9447114",0.325329740023508,"MEblack"
"55_00295529","200_9735111",0.254527839938131,"MEblack"
"104_0098431","200_9735111",0.271098827849663,"MEblack"
"107_0080423","200_9735111",0.275915193944871,"MEblack"
"121_0235785","200_9735111",0.274488381487872,"MEblack"
"123_0142548","200_9735111",0.251105822800235,"MEblack"
"137_0297468","200_9735111",0.258952886803012,"MEblack"
"158_0304838","200_9735111",0.292720701022014,"MEblack"
"180_9838473","200_9735111",0.258985683597754,"MEblack"
"182_9630109","200_9735111",0.298797622292448,"MEblack"
"183_9638","200_9735111",0.304366419850735,"MEblack"
"184_9605497","200_9735111",0.303205170950963,"MEblack"
"186_0616645","200_9735111",0.277681613885837,"MEblack"
"188_0409255","200_9735111",0.274723021520017,"MEblack"
"200_0772426","200_9735111",0.262388166832181,"MEblack"
"55_00295529","201_9743187",0.266196506455485,"MEblack"
"104_0098431","201_9743187",0.283236197592087,"MEblack"
"107_0080423","201_9743187",0.286055487496976,"MEblack"
"115_9888848","201_9743187",0.257022851872125,"MEblack"
"121_0235785","201_9743187",0.28681444163358,"MEblack"
"123_0142548","201_9743187",0.260391073247651,"MEblack"
"137_0297468","201_9743187",0.269421200192494,"MEblack"
"148_0150336","201_9743187",0.260076294015808,"MEblack"
"158_0304838","201_9743187",0.304973304713493,"MEblack"
"180_9838473","201_9743187",0.270990466507987,"MEblack"
"182_9630109","201_9743187",0.307292245249106,"MEblack"
"183_9638","201_9743187",0.310877304094372,"MEblack"
"184_9605497","201_9743187",0.314610301633244,"MEblack"
"186_0616645","201_9743187",0.287605593955698,"MEblack"
"188_0409255","201_9743187",0.281362279876819,"MEblack"
"200_0772426","201_9743187",0.269513513442207,"MEblack"
"200_9735111","201_9743187",0.306797384924581,"MEblack"
"124_940009","202_9334008",0.259378000478127,"MEblack"
"158_0304838","202_9334008",0.25066908691984,"MEblack"
"170_9458073","202_9334008",0.267881474461178,"MEblack"
"199_9438205","202_9334008",0.320913990131717,"MEblack"
"200_9447114","202_9334008",0.326869150697928,"MEblack"
"199_9438205","204_9065973",0.263772102684996,"MEblack"
"200_9447114","204_9065973",0.25208215059527,"MEblack"
"202_9334008","204_9065973",0.261690386538286,"MEblack"
"55_00295529","214_9893542",0.27519373754057,"MEblack"
"104_0098431","214_9893542",0.278231825116683,"MEblack"
"115_9888848","214_9893542",0.266503560454592,"MEblack"
"121_0235785","214_9893542",0.277643589559951,"MEblack"
"137_0297468","214_9893542",0.264934106496615,"MEblack"
"158_0304838","214_9893542",0.273562566745494,"MEblack"
"182_9630109","214_9893542",0.299739401101684,"MEblack"
"183_9638","214_9893542",0.308814045631487,"MEblack"
"184_9605497","214_9893542",0.307781419520014,"MEblack"
"200_9735111","214_9893542",0.293543762908736,"MEblack"
"201_9743187","214_9893542",0.309236813132175,"MEblack"
"170_9458073","215_0519749",0.252056862368843,"MEblack"
"182_9630109","215_0519749",0.295137371998405,"MEblack"
"183_9638","215_0519749",0.297260429520533,"MEblack"
"184_9605497","215_0519749",0.297404926908032,"MEblack"
"199_9438205","215_0519749",0.276223420976527,"MEblack"
"200_9447114","215_0519749",0.264890515616089,"MEblack"
"200_9735111","215_0519749",0.295400966530594,"MEblack"
"201_9743187","215_0519749",0.304811973262244,"MEblack"
"202_9334008","215_0519749",0.274893801132926,"MEblack"
"214_9893542","215_0519749",0.263627265268889,"MEblack"
"182_9630109","215_9903209",0.257463271020544,"MEblack"
"183_9638","215_9903209",0.269495881522556,"MEblack"
"184_9605497","215_9903209",0.267756171628303,"MEblack"
"200_9735111","215_9903209",0.251699399153862,"MEblack"
"201_9743187","215_9903209",0.269088171418916,"MEblack"
"214_9893542","215_9903209",0.256888927111409,"MEblack"
"124_940009","217_9522065",0.253076106635012,"MEblack"
"170_9458073","217_9522065",0.264079192752341,"MEblack"
"199_9438205","217_9522065",0.320060732531202,"MEblack"
"200_9447114","217_9522065",0.323461263531881,"MEblack"
"202_9334008","217_9522065",0.320559301291961,"MEblack"
"204_9065973","217_9522065",0.261197288921761,"MEblack"
"215_0519749","217_9522065",0.271876859595628,"MEblack"
"124_940009","218_9489598",0.255015199902493,"MEblack"
"158_0304838","218_9489598",0.253225245201589,"MEblack"
"170_9458073","218_9489598",0.267019962018052,"MEblack"
"199_9438205","218_9489598",0.319214104215368,"MEblack"
"200_9447114","218_9489598",0.325612921918452,"MEblack"
"202_9334008","218_9489598",0.321011367069243,"MEblack"
"204_9065973","218_9489598",0.263148009678754,"MEblack"
"215_0519749","218_9489598",0.277156005498103,"MEblack"
"217_9522065","218_9489598",0.320262836153394,"MEblack"
"55_00295529","218_9844358",0.256018641019335,"MEblack"
"104_0098431","218_9844358",0.273901093985989,"MEblack"
"107_0080423","218_9844358",0.276903812860972,"MEblack"
"121_0235785","218_9844358",0.277287271427632,"MEblack"
"123_0142548","218_9844358",0.250551553818445,"MEblack"
"137_0297468","218_9844358",0.260783065744403,"MEblack"
"148_0150336","218_9844358",0.25089894045417,"MEblack"
"158_0304838","218_9844358",0.29558865632911,"MEblack"
"180_9838473","218_9844358",0.264048165589433,"MEblack"
"182_9630109","218_9844358",0.298478712366406,"MEblack"
"183_9638","218_9844358",0.307241155742794,"MEblack"
"184_9605497","218_9844358",0.305733092522352,"MEblack"
"186_0616645","218_9844358",0.276790213103428,"MEblack"
"188_0409255","218_9844358",0.273777324018486,"MEblack"
"200_0772426","218_9844358",0.259108771907938,"MEblack"
"200_9735111","218_9844358",0.296248482081239,"MEblack"
"201_9743187","218_9844358",0.309506377371708,"MEblack"
"214_9893542","218_9844358",0.298873987278988,"MEblack"
"215_0519749","218_9844358",0.294975099791237,"MEblack"
"215_9903209","218_9844358",0.261475055479275,"MEblack"
"170_9458073","231_9678537",0.257533058196879,"MEblack"
"199_9438205","231_9678537",0.32651248736625,"MEblack"
"200_9447114","231_9678537",0.320691346997723,"MEblack"
"202_9334008","231_9678537",0.328535756992979,"MEblack"
"217_9522065","231_9678537",0.325870263395516,"MEblack"
"218_9489598","231_9678537",0.327438464576986,"MEblack"
"170_9458073","232_9646245",0.263016857487477,"MEblack"
"199_9438205","232_9646245",0.336631796093101,"MEblack"
"200_9447114","232_9646245",0.331281929765168,"MEblack"
"202_9334008","232_9646245",0.338796002982071,"MEblack"
"217_9522065","232_9646245",0.336178135120345,"MEblack"
"218_9489598","232_9646245",0.337785443598426,"MEblack"
"231_9678537","232_9646245",0.301684024829438,"MEblack"
"182_9630109","233_000086",0.272558110767443,"MEblack"
"183_9638","233_000086",0.286886000950253,"MEblack"
"184_9605497","233_000086",0.286121503966193,"MEblack"
"199_9438205","233_000086",0.260927791144334,"MEblack"
"200_9447114","233_000086",0.259088501060646,"MEblack"
"200_9735111","233_000086",0.267098553718184,"MEblack"
"201_9743187","233_000086",0.288124877078011,"MEblack"
"202_9334008","233_000086",0.264143514662123,"MEblack"
"214_9893542","233_000086",0.274221921966576,"MEblack"
"217_9522065","233_000086",0.259389215098167,"MEblack"
"218_9489598","233_000086",0.262520902992925,"MEblack"
"218_9844358","233_000086",0.279325972115306,"MEblack"
"199_9438205","234_9600136",0.261646522766574,"MEblack"
"200_9447114","234_9600136",0.259116105700141,"MEblack"
"202_9334008","234_9600136",0.264179850407151,"MEblack"
"217_9522065","234_9600136",0.260611878672895,"MEblack"
"218_9489598","234_9600136",0.261041766822435,"MEblack"
"199_9438205","234_962025",0.279247513654795,"MEblack"
"200_9447114","234_962025",0.274282833208702,"MEblack"
"202_9334008","234_962025",0.28089608406551,"MEblack"
"217_9522065","234_962025",0.2763075409854,"MEblack"
"218_9489598","234_962025",0.277835748477513,"MEblack"
"199_9438205","243_0945808",0.25826311340373,"MEblack"
"202_9334008","243_0945808",0.254906556948282,"MEblack"
"217_9522065","243_0945808",0.255815037257811,"MEblack"
"218_9489598","243_0945808",0.258972178787196,"MEblack"
"199_9438205","247_9572027",0.275789658255486,"MEblack"
"200_9447114","247_9572027",0.271368325881062,"MEblack"
"202_9334008","247_9572027",0.278173762298692,"MEblack"
"217_9522065","247_9572027",0.274368660467693,"MEblack"
"218_9489598","247_9572027",0.276135190009024,"MEblack"
"231_9678537","247_9572027",0.256778287127051,"MEblack"
"170_9458073","248_9232473",0.2537228982714,"MEblack"
"199_9438205","248_9232473",0.323971723689267,"MEblack"
"200_9447114","248_9232473",0.31832493626167,"MEblack"
"202_9334008","248_9232473",0.32600223055229,"MEblack"
"217_9522065","248_9232473",0.324075165263813,"MEblack"
"218_9489598","248_9232473",0.325940237351468,"MEblack"
"231_9678537","248_9232473",0.284060038218806,"MEblack"
"232_9646245","248_9232473",0.273305737300765,"MEblack"
"170_9458073","248_9776256",0.255991649264544,"MEblack"
"199_9438205","248_9776256",0.329633531374135,"MEblack"
"200_9447114","248_9776256",0.32554609845381,"MEblack"
"202_9334008","248_9776256",0.332543584880866,"MEblack"
"217_9522065","248_9776256",0.329872888281417,"MEblack"
"218_9489598","248_9776256",0.330976595175816,"MEblack"
"231_9678537","248_9776256",0.29994740307088,"MEblack"
"232_9646245","248_9776256",0.287786221441012,"MEblack"
"248_9232473","248_9776256",0.252549075467942,"MEblack"
"199_9438205","250_9507231",0.317072277626711,"MEblack"
"200_9447114","250_9507231",0.310450423399287,"MEblack"
"202_9334008","250_9507231",0.317692458146706,"MEblack"
"217_9522065","250_9507231",0.313448888601025,"MEblack"
"218_9489598","250_9507231",0.315886274635295,"MEblack"
"231_9678537","250_9507231",0.271163604867259,"MEblack"
"232_9646245","250_9507231",0.263921411489885,"MEblack"
"199_9438205","268_9228421",0.270840289471078,"MEblack"
"200_9447114","268_9228421",0.258831565003288,"MEblack"
"202_9334008","268_9228421",0.268633301021374,"MEblack"
"217_9522065","268_9228421",0.269078974008651,"MEblack"
"218_9489598","268_9228421",0.271066997332121,"MEblack"
"199_9438205","269_0190964",0.302197557483507,"MEblack"
"200_9447114","269_0190964",0.295301644721614,"MEblack"
"202_9334008","269_0190964",0.30195276537721,"MEblack"
"217_9522065","269_0190964",0.300484165276466,"MEblack"
"218_9489598","269_0190964",0.302270767218392,"MEblack"
"231_9678537","269_0190964",0.265491242279886,"MEblack"
"232_9646245","269_0190964",0.258622581332477,"MEblack"
"199_9438205","272_9089084",0.280563555519266,"MEblack"
"200_9447114","272_9089084",0.278118743885309,"MEblack"
"202_9334008","272_9089084",0.28342178961498,"MEblack"
"217_9522065","272_9089084",0.278466760853997,"MEblack"
"218_9489598","272_9089084",0.279375583305597,"MEblack"
"199_9438205","274_9722025",0.279761370063732,"MEblack"
"200_9447114","274_9722025",0.278308999412428,"MEblack"
"202_9334008","274_9722025",0.284461252011741,"MEblack"
"217_9522065","274_9722025",0.277415496365137,"MEblack"
"218_9489598","274_9722025",0.279494459302359,"MEblack"
"170_9458073","284_9261837",0.255609325035938,"MEblack"
"199_9438205","284_9261837",0.324843775059698,"MEblack"
"200_9447114","284_9261837",0.317355190353237,"MEblack"
"202_9334008","284_9261837",0.32586026550197,"MEblack"
"215_0519749","284_9261837",0.258761682262218,"MEblack"
"217_9522065","284_9261837",0.321992519584284,"MEblack"
"218_9489598","284_9261837",0.324695549963405,"MEblack"
"231_9678537","284_9261837",0.294914039635685,"MEblack"
"232_9646245","284_9261837",0.306335935700507,"MEblack"
"234_962025","284_9261837",0.259200290005037,"MEblack"
"248_9232473","284_9261837",0.294684730593901,"MEblack"
"248_9776256","284_9261837",0.2987934838269,"MEblack"
"250_9507231","284_9261837",0.30427105123596,"MEblack"
"269_0190964","284_9261837",0.288553197205198,"MEblack"
"272_9089084","284_9261837",0.259060657650295,"MEblack"
"274_9722025","284_9261837",0.261518009937199,"MEblack"
"107_0080423","285_0828087",0.25736391191456,"MEblack"
"182_9630109","285_0828087",0.253049764370877,"MEblack"
"183_9638","285_0828087",0.258887853493654,"MEblack"
"184_9605497","285_0828087",0.25540060747191,"MEblack"
"186_0616645","285_0828087",0.256000283529613,"MEblack"
"188_0409255","285_0828087",0.252859518439792,"MEblack"
"201_9743187","285_0828087",0.257152277237492,"MEblack"
"199_9438205","287_0296435",0.25191081896364,"MEblack"
"202_9334008","287_0296435",0.250938735095762,"MEblack"
"218_9489598","287_0296435",0.251545676192079,"MEblack"
"199_9438205","299_0043224",0.302328932611616,"MEblack"
"200_9447114","299_0043224",0.2980169584543,"MEblack"
"202_9334008","299_0043224",0.304745541738866,"MEblack"
"217_9522065","299_0043224",0.300826994750527,"MEblack"
"218_9489598","299_0043224",0.302424941210811,"MEblack"
"231_9678537","299_0043224",0.25938618680043,"MEblack"
"232_9646245","299_0043224",0.250573416686342,"MEblack"
"284_9261837","299_0043224",0.279127065820415,"MEblack"
"172_9413672","300_9037582",0.258245907011104,"MEblack"
"199_9438205","300_9037582",0.270148880167872,"MEblack"
"200_9447114","300_9037582",0.279899620492588,"MEblack"
"202_9334008","300_9037582",0.274625690911067,"MEblack"
"217_9522065","300_9037582",0.274084208931116,"MEblack"
"218_9489598","300_9037582",0.271952452775452,"MEblack"
"231_9678537","300_9037582",0.283206264321346,"MEblack"
"232_9646245","300_9037582",0.291524920031184,"MEblack"
"234_9600136","300_9037582",0.254676051158237,"MEblack"
"234_962025","300_9037582",0.261328442853725,"MEblack"
"248_9232473","300_9037582",0.275722926894646,"MEblack"
"248_9776256","300_9037582",0.291950977795768,"MEblack"
"250_9507231","300_9037582",0.28832026255853,"MEblack"
"268_9228421","300_9037582",0.250807398784011,"MEblack"
"269_0190964","300_9037582",0.260382877298751,"MEblack"
"272_9089084","300_9037582",0.284888255143902,"MEblack"
"284_9261837","300_9037582",0.279161624366299,"MEblack"
"299_0043224","300_9037582",0.286717983028228,"MEblack"
"199_9438205","308_0047445",0.265940718699132,"MEblack"
"200_9447114","308_0047445",0.254234928290771,"MEblack"
"202_9334008","308_0047445",0.263201066398783,"MEblack"
"217_9522065","308_0047445",0.263126449944228,"MEblack"
"218_9489598","308_0047445",0.264803630217115,"MEblack"
"300_9037582","308_0047445",0.258078406386689,"MEblack"
"199_9438205","318_8696948",0.251008048415009,"MEblack"
"199_9438205","318_93782",0.276526888255816,"MEblack"
"200_9447114","318_93782",0.270094240788177,"MEblack"
"202_9334008","318_93782",0.276344939864041,"MEblack"
"217_9522065","318_93782",0.272479154674855,"MEblack"
"218_9489598","318_93782",0.274197909400753,"MEblack"
"284_9261837","318_93782",0.272709348972935,"MEblack"
"300_9037582","318_93782",0.273666248241622,"MEblack"
"182_9630109","326_0856092",0.298108902618912,"MEblack"
"183_9638","326_0856092",0.303133439906993,"MEblack"
"184_9605497","326_0856092",0.300688676871944,"MEblack"
"200_9735111","326_0856092",0.294099300613104,"MEblack"
"201_9743187","326_0856092",0.305425516522046,"MEblack"
"214_9893542","326_0856092",0.266798018332054,"MEblack"
"218_9844358","326_0856092",0.297029770946681,"MEblack"
"285_0828087","326_0856092",0.259840872037237,"MEblack"
"199_9438205","329_8994164",0.269064100160738,"MEblack"
"200_9447114","329_8994164",0.266024435947619,"MEblack"
"202_9334008","329_8994164",0.270947676115202,"MEblack"
"217_9522065","329_8994164",0.267796225010427,"MEblack"
"218_9489598","329_8994164",0.268194207193684,"MEblack"
"300_9037582","329_8994164",0.290907508688441,"MEblack"
"199_9438205","330_8961387",0.269972158264288,"MEblack"
"200_9447114","330_8961387",0.265388621735466,"MEblack"
"202_9334008","330_8961387",0.27131066053652,"MEblack"
"217_9522065","330_8961387",0.268616290451129,"MEblack"
"218_9489598","330_8961387",0.269052071058163,"MEblack"
"231_9678537","330_8961387",0.261207862744424,"MEblack"
"232_9646245","330_8961387",0.268700090035181,"MEblack"
"248_9232473","330_8961387",0.252619986087803,"MEblack"
"248_9776256","330_8961387",0.270072453498934,"MEblack"
"250_9507231","330_8961387",0.263787232821516,"MEblack"
"272_9089084","330_8961387",0.265127624542605,"MEblack"
"284_9261837","330_8961387",0.255675930203509,"MEblack"
"299_0043224","330_8961387",0.263179256883622,"MEblack"
"300_9037582","330_8961387",0.286452121188094,"MEblack"
"318_93782","330_8961387",0.25058534859917,"MEblack"
"329_8994164","330_8961387",0.269467452609002,"MEblack"
"199_9438205","334_8549159",0.253757523505978,"MEblack"
"202_9334008","334_8549159",0.254776186698735,"MEblack"
"217_9522065","334_8549159",0.250465970409871,"MEblack"
"218_9489598","334_8549159",0.251809171039545,"MEblack"
"172_9413672","346_9090545",0.256100828922142,"MEblack"
"199_9438205","346_9090545",0.261307444132459,"MEblack"
"200_9447114","346_9090545",0.267832724278889,"MEblack"
"202_9334008","346_9090545",0.263952074700699,"MEblack"
"217_9522065","346_9090545",0.26475880576025,"MEblack"
"218_9489598","346_9090545",0.262708876759441,"MEblack"
"231_9678537","346_9090545",0.271215864530514,"MEblack"
"232_9646245","346_9090545",0.27912317134666,"MEblack"
"234_962025","346_9090545",0.251861522405189,"MEblack"
"248_9232473","346_9090545",0.26364311338665,"MEblack"
"248_9776256","346_9090545",0.279216606087249,"MEblack"
"250_9507231","346_9090545",0.280562284913011,"MEblack"
"268_9228421","346_9090545",0.254401266800544,"MEblack"
"269_0190964","346_9090545",0.253335296649628,"MEblack"
"272_9089084","346_9090545",0.277330691596951,"MEblack"
"284_9261837","346_9090545",0.268173167201741,"MEblack"
"299_0043224","346_9090545",0.279280300720268,"MEblack"
"300_9037582","346_9090545",0.285324908003536,"MEblack"
"308_0047445","346_9090545",0.264188956768753,"MEblack"
"318_93782","346_9090545",0.272600329249789,"MEblack"
"329_8994164","346_9090545",0.289973576038654,"MEblack"
"330_8961387","346_9090545",0.286448514851061,"MEblack"
"201_9743187","370_0403345",0.254605295776124,"MEblack"
"346_9090545","448_8273377",0.255168653184737,"MEblack"
"57_52371579","62_02886549",0.275686923630531,"MEcyan"
"57_52371579","62_52431643",0.332296342134272,"MEcyan"
"62_02886549","62_52431643",0.268662097621683,"MEcyan"
"57_52371579","63_02269951",0.337350143922504,"MEcyan"
"62_02886549","63_02269951",0.273486182457436,"MEcyan"
"62_52431643","63_02269951",0.377258147239512,"MEcyan"
"57_52371579","66_5290646",0.330840388226009,"MEcyan"
"62_02886549","66_5290646",0.284522463102229,"MEcyan"
"62_52431643","66_5290646",0.352802133487777,"MEcyan"
"63_02269951","66_5290646",0.341577367881545,"MEcyan"
"64_53159603","66_5290646",0.252801257393114,"MEcyan"
"57_52371579","67_02173441",0.316834092440912,"MEcyan"
"62_52431643","67_02173441",0.33719072379167,"MEcyan"
"63_02269951","67_02173441",0.340837703116085,"MEcyan"
"66_5290646","67_02173441",0.334190169847123,"MEcyan"
"57_52371579","70_03057654",0.264211785895911,"MEcyan"
"62_52431643","70_03057654",0.262580356407328,"MEcyan"
"63_02269951","70_03057654",0.27123688990254,"MEcyan"
"66_5290646","70_03057654",0.273002231082424,"MEcyan"
"57_52371579","71_52966587",0.304688855280596,"MEcyan"
"62_52431643","71_52966587",0.337331550210186,"MEcyan"
"63_02269951","71_52966587",0.34389182759347,"MEcyan"
"66_5290646","71_52966587",0.323909620938523,"MEcyan"
"67_02173441","71_52966587",0.260603371079989,"MEcyan"
"64_53159603","71_99878495",0.268362871678369,"MEcyan"
"69_53714854","71_99878495",0.316063019009352,"MEcyan"
"70_03552546","71_99878495",0.316406749471904,"MEcyan"
"57_52371579","72_02804821",0.321631156994344,"MEcyan"
"62_02886549","72_02804821",0.262679137786391,"MEcyan"
"62_52431643","72_02804821",0.360766009810038,"MEcyan"
"63_02269951","72_02804821",0.356441381417021,"MEcyan"
"66_5290646","72_02804821",0.33348056140023,"MEcyan"
"67_02173441","72_02804821",0.32658199599174,"MEcyan"
"70_03057654","72_02804821",0.257834857048018,"MEcyan"
"71_52966587","72_02804821",0.335218141827419,"MEcyan"
"64_53159603","72_99554843",0.260448684925269,"MEcyan"
"69_53714854","72_99554843",0.30920656086699,"MEcyan"
"70_03552546","72_99554843",0.308325050157045,"MEcyan"
"57_52371579","74_03367348",0.358966071709102,"MEcyan"
"62_52431643","74_03367348",0.407610293308576,"MEcyan"
"63_02269951","74_03367348",0.410498607778283,"MEcyan"
"66_5290646","74_03367348",0.380268215551408,"MEcyan"
"67_02173441","74_03367348",0.301923335262916,"MEcyan"
"71_52966587","74_03367348",0.288382880723774,"MEcyan"
"72_02804821","74_03367348",0.38710191993307,"MEcyan"
"57_52371579","78_5376322",0.251475498000181,"MEcyan"
"62_52431643","78_5376322",0.253473696424646,"MEcyan"
"63_02269951","78_5376322",0.259607916126051,"MEcyan"
"64_53159603","78_5376322",0.2869879398074,"MEcyan"
"66_5290646","78_5376322",0.25895070131735,"MEcyan"
"70_03057654","78_5376322",0.267112210138409,"MEcyan"
"74_03367348","78_5376322",0.260212321451082,"MEcyan"
"64_53159603","79_03601212",0.288692125714655,"MEcyan"
"70_03057654","79_03601212",0.258503020938404,"MEcyan"
"78_5376322","79_03601212",0.259984536245123,"MEcyan"
"57_52371579","83_01755585",0.339381319948547,"MEcyan"
"62_02886549","83_01755585",0.28531919278701,"MEcyan"
"62_52431643","83_01755585",0.367061801803338,"MEcyan"
"63_02269951","83_01755585",0.358260028752705,"MEcyan"
"64_53159603","83_01755585",0.267100410736917,"MEcyan"
"66_5290646","83_01755585",0.337137695749158,"MEcyan"
"67_02173441","83_01755585",0.342115159156707,"MEcyan"
"70_03057654","83_01755585",0.291548565287315,"MEcyan"
"71_52966587","83_01755585",0.347028912814516,"MEcyan"
"72_02804821","83_01755585",0.354343703063569,"MEcyan"
"74_03367348","83_01755585",0.38316630523782,"MEcyan"
"78_5376322","83_01755585",0.282064235533617,"MEcyan"
"79_03601212","83_01755585",0.269157802682471,"MEcyan"
"57_52371579","83_03916964",0.369747951393485,"MEcyan"
"62_52431643","83_03916964",0.425416050899916,"MEcyan"
"63_02269951","83_03916964",0.428048967653549,"MEcyan"
"66_5290646","83_03916964",0.391437832337521,"MEcyan"
"67_02173441","83_03916964",0.309411495911724,"MEcyan"
"71_52966587","83_03916964",0.250408041600318,"MEcyan"
"72_02804821","83_03916964",0.401085189671963,"MEcyan"
"74_03367348","83_03916964",0.391605958927661,"MEcyan"
"78_5376322","83_03916964",0.265815544377143,"MEcyan"
"83_01755585","83_03916964",0.391512481390554,"MEcyan"
"57_52371579","87_03709581",0.293870453793769,"MEcyan"
"62_52431643","87_03709581",0.305119291547254,"MEcyan"
"63_02269951","87_03709581",0.305234108651492,"MEcyan"
"66_5290646","87_03709581",0.309935911785278,"MEcyan"
"72_02804821","87_03709581",0.28794777430416,"MEcyan"
"74_03367348","87_03709581",0.280561467330515,"MEcyan"
"83_01755585","87_03709581",0.29695881073918,"MEcyan"
"57_52371579","94_04566095",0.317929625036983,"MEcyan"
"62_52431643","94_04566095",0.343639749046316,"MEcyan"
"63_02269951","94_04566095",0.344961776769657,"MEcyan"
"66_5290646","94_04566095",0.336997328643505,"MEcyan"
"67_02173441","94_04566095",0.288265963369847,"MEcyan"
"71_52966587","94_04566095",0.265551358059888,"MEcyan"
"72_02804821","94_04566095",0.327005616140737,"MEcyan"
"74_03367348","94_04566095",0.341236729415777,"MEcyan"
"83_01755585","94_04566095",0.332327011961557,"MEcyan"
"83_03916964","94_04566095",0.355190882932923,"MEcyan"
"87_03709581","94_04566095",0.294802458321944,"MEcyan"
"57_52371579","95_01954538",0.301346093961391,"MEcyan"
"62_02886549","95_01954538",0.250690195511198,"MEcyan"
"62_52431643","95_01954538",0.329490685532795,"MEcyan"
"63_02269951","95_01954538",0.319755851683856,"MEcyan"
"66_5290646","95_01954538",0.301163934013089,"MEcyan"
"67_02173441","95_01954538",0.318675157290451,"MEcyan"
"71_52966587","95_01954538",0.306725684139138,"MEcyan"
"72_02804821","95_01954538",0.317965960381906,"MEcyan"
"74_03367348","95_01954538",0.342522389546485,"MEcyan"
"83_01755585","95_01954538",0.320005891722247,"MEcyan"
"83_03916964","95_01954538",0.348066524806699,"MEcyan"
"87_03709581","95_01954538",0.27274979076952,"MEcyan"
"94_04566095","95_01954538",0.306935576968039,"MEcyan"
"64_53159603","96_03006329",0.293212238218279,"MEcyan"
"69_53714854","96_03006329",0.274270704164788,"MEcyan"
"70_03057654","96_03006329",0.251633444022243,"MEcyan"
"70_03552546","96_03006329",0.279042914944486,"MEcyan"
"79_03601212","96_03006329",0.256494013327106,"MEcyan"
"57_52371579","102_0224628",0.33990487819926,"MEcyan"
"62_02886549","102_0224628",0.278679769311967,"MEcyan"
"62_52431643","102_0224628",0.370458245910094,"MEcyan"
"63_02269951","102_0224628",0.362009305236623,"MEcyan"
"64_53159603","102_0224628",0.265250272802865,"MEcyan"
"66_5290646","102_0224628",0.339642405968732,"MEcyan"
"67_02173441","102_0224628",0.344869749140436,"MEcyan"
"70_03057654","102_0224628",0.290042131941449,"MEcyan"
"71_52966587","102_0224628",0.349697748587522,"MEcyan"
"72_02804821","102_0224628",0.360882930119722,"MEcyan"
"74_03367348","102_0224628",0.381741651315212,"MEcyan"
"78_5376322","102_0224628",0.285189266853459,"MEcyan"
"79_03601212","102_0224628",0.271865099442805,"MEcyan"
"83_01755585","102_0224628",0.316889145084687,"MEcyan"
"83_03916964","102_0224628",0.388690021952534,"MEcyan"
"87_03709581","102_0224628",0.294347795319084,"MEcyan"
"94_04566095","102_0224628",0.332058255919452,"MEcyan"
"95_01954538","102_0224628",0.32978548575204,"MEcyan"
"71_99878495","107_0377404",0.277779240341661,"MEcyan"
"72_99554843","107_0377404",0.270581343046775,"MEcyan"
"96_03006329","107_0377404",0.256020160925033,"MEcyan"
"57_52371579","111_0125471",0.285445250899108,"MEcyan"
"62_52431643","111_0125471",0.322822346214325,"MEcyan"
"63_02269951","111_0125471",0.3255177892703,"MEcyan"
"66_5290646","111_0125471",0.304278015605266,"MEcyan"
"67_02173441","111_0125471",0.279674496536988,"MEcyan"
"71_52966587","111_0125471",0.291802427976792,"MEcyan"
"72_02804821","111_0125471",0.312241537331837,"MEcyan"
"74_03367348","111_0125471",0.356002869617126,"MEcyan"
"83_01755585","111_0125471",0.317217744751073,"MEcyan"
"83_03916964","111_0125471",0.372298531028383,"MEcyan"
"87_03709581","111_0125471",0.273872126915678,"MEcyan"
"94_04566095","111_0125471",0.302862083736013,"MEcyan"
"95_01954538","111_0125471",0.282190206649261,"MEcyan"
"102_0224628","111_0125471",0.323184880127497,"MEcyan"
"57_52371579","129_0204561",0.287586831578473,"MEcyan"
"62_52431643","129_0204561",0.3290579198169,"MEcyan"
"63_02269951","129_0204561",0.334050936726502,"MEcyan"
"66_5290646","129_0204561",0.309200082514563,"MEcyan"
"67_02173441","129_0204561",0.256966293964624,"MEcyan"
"71_52966587","129_0204561",0.268363956589901,"MEcyan"
"72_02804821","129_0204561",0.320337086932664,"MEcyan"
"74_03367348","129_0204561",0.329960596865044,"MEcyan"
"83_01755585","129_0204561",0.322853438754277,"MEcyan"
"83_03916964","129_0204561",0.346018314135722,"MEcyan"
"94_04566095","129_0204561",0.277640719623713,"MEcyan"
"95_01954538","129_0204561",0.28770258668873,"MEcyan"
"102_0224628","129_0204561",0.328378838683247,"MEcyan"
"111_0125471","129_0204561",0.313725641380732,"MEcyan"
"66_5290646","129_04007",0.258153270285395,"MEcyan"
"67_02173441","129_04007",0.256136547373911,"MEcyan"
"94_04566095","129_04007",0.25617153240224,"MEcyan"
"95_01954538","129_04007",0.269622684333291,"MEcyan"
"102_0224628","129_04007",0.2511042739216,"MEcyan"
"57_52371579","130_0043632",0.255362033565992,"MEcyan"
"62_52431643","130_0043632",0.273970314185345,"MEcyan"
"63_02269951","130_0043632",0.26899347612746,"MEcyan"
"66_5290646","130_0043632",0.258238346277234,"MEcyan"
"71_52966587","130_0043632",0.254776028310059,"MEcyan"
"72_02804821","130_0043632",0.268075729565283,"MEcyan"
"74_03367348","130_0043632",0.28908641996414,"MEcyan"
"83_03916964","130_0043632",0.295337206546261,"MEcyan"
"94_04566095","130_0043632",0.260488794463594,"MEcyan"
"111_0125471","130_0043632",0.27591628442605,"MEcyan"
"129_0204561","130_0043632",0.277438676984442,"MEcyan"
"66_5290646","130_0407571",0.258868171957892,"MEcyan"
"67_02173441","130_0407571",0.259120291089005,"MEcyan"
"94_04566095","130_0407571",0.258607629585149,"MEcyan"
"95_01954538","130_0407571",0.2710929134815,"MEcyan"
"129_04007","130_0407571",0.347565917892551,"MEcyan"
"66_5290646","131_0375136",0.256496304477675,"MEcyan"
"67_02173441","131_0375136",0.258101192209664,"MEcyan"
"94_04566095","131_0375136",0.256870656668613,"MEcyan"
"95_01954538","131_0375136",0.268917262962598,"MEcyan"
"129_04007","131_0375136",0.350329945295597,"MEcyan"
"130_0407571","131_0375136",0.353295360212923,"MEcyan"
"57_52371579","143_0360849",0.289679757784413,"MEcyan"
"62_52431643","143_0360849",0.31380632545098,"MEcyan"
"63_02269951","143_0360849",0.319141142094458,"MEcyan"
"66_5290646","143_0360849",0.307243026132567,"MEcyan"
"72_02804821","143_0360849",0.301377394037754,"MEcyan"
"74_03367348","143_0360849",0.304561154347619,"MEcyan"
"83_01755585","143_0360849",0.312629270219235,"MEcyan"
"83_03916964","143_0360849",0.318998473322871,"MEcyan"
"94_04566095","143_0360849",0.266580371604247,"MEcyan"
"95_01954538","143_0360849",0.268290062895804,"MEcyan"
"102_0224628","143_0360849",0.313356762810236,"MEcyan"
"111_0125471","143_0360849",0.296156533353425,"MEcyan"
"129_0204561","143_0360849",0.270792682436965,"MEcyan"
"130_0043632","143_0360849",0.271185037338541,"MEcyan"
"57_52371579","143_0556768",0.273331635143424,"MEcyan"
"62_52431643","143_0556768",0.27838544834564,"MEcyan"
"63_02269951","143_0556768",0.278155426902227,"MEcyan"
"66_5290646","143_0556768",0.289698758150614,"MEcyan"
"67_02173441","143_0556768",0.261261251692538,"MEcyan"
"72_02804821","143_0556768",0.266574456932811,"MEcyan"
"83_01755585","143_0556768",0.283150806445012,"MEcyan"
"94_04566095","143_0556768",0.274645482464013,"MEcyan"
"95_01954538","143_0556768",0.285450130706755,"MEcyan"
"102_0224628","143_0556768",0.287174318586549,"MEcyan"
"129_04007","143_0556768",0.330526569472876,"MEcyan"
"130_0407571","143_0556768",0.338519745422438,"MEcyan"
"131_0375136","143_0556768",0.339613217852222,"MEcyan"
"66_5290646","148_0514309",0.25192317544299,"MEcyan"
"95_01954538","148_0514309",0.258977729916565,"MEcyan"
"102_0224628","148_0514309",0.257020139509622,"MEcyan"
"129_04007","148_0514309",0.335963453378108,"MEcyan"
"130_0407571","148_0514309",0.345675120819304,"MEcyan"
"131_0375136","148_0514309",0.347674778924692,"MEcyan"
"143_0556768","148_0514309",0.282975004323711,"MEcyan"
"129_04007","149_0106285",0.396652033512346,"MEcyan"
"130_0407571","149_0106285",0.404258510810343,"MEcyan"
"131_0375136","149_0106285",0.402467704537714,"MEcyan"
"143_0556768","149_0106285",0.324178491201874,"MEcyan"
"148_0514309","149_0106285",0.357602664336082,"MEcyan"
"57_52371579","151_0357447",0.278967298107824,"MEcyan"
"62_52431643","151_0357447",0.304014077500418,"MEcyan"
"63_02269951","151_0357447",0.305539228629686,"MEcyan"
"66_5290646","151_0357447",0.30037234563961,"MEcyan"
"72_02804821","151_0357447",0.292060672141532,"MEcyan"
"74_03367348","151_0357447",0.2789103614377,"MEcyan"
"83_01755585","151_0357447",0.295289933348529,"MEcyan"
"94_04566095","151_0357447",0.283167382537084,"MEcyan"
"95_01954538","151_0357447",0.272034162007986,"MEcyan"
"102_0224628","151_0357447",0.298980952182652,"MEcyan"
"111_0125471","151_0357447",0.301655057693774,"MEcyan"
"129_0204561","151_0357447",0.275003315068314,"MEcyan"
"130_0043632","151_0357447",0.272720573435537,"MEcyan"
"143_0360849","151_0357447",0.254683068690682,"MEcyan"
"129_04007","162_0673674",0.347483931477115,"MEcyan"
"130_0407571","162_0673674",0.355452065497055,"MEcyan"
"131_0375136","162_0673674",0.351367247772845,"MEcyan"
"143_0556768","162_0673674",0.313693700312734,"MEcyan"
"148_0514309","162_0673674",0.333952580350563,"MEcyan"
"129_04007","163_0640996",0.365009959859815,"MEcyan"
"130_0407571","163_0640996",0.371119027627571,"MEcyan"
"131_0375136","163_0640996",0.367463935607101,"MEcyan"
"143_0556768","163_0640996",0.33779653208734,"MEcyan"
"148_0514309","163_0640996",0.353161543119357,"MEcyan"
"149_0106285","163_0640996",0.291806365511196,"MEcyan"
"162_0673674","163_0640996",0.277912243610395,"MEcyan"
"57_52371579","186_0404906",0.285131040501848,"MEcyan"
"62_52431643","186_0404906",0.324283252845726,"MEcyan"
"63_02269951","186_0404906",0.327684772348664,"MEcyan"
"66_5290646","186_0404906",0.308423729788593,"MEcyan"
"72_02804821","186_0404906",0.316439170070991,"MEcyan"
"74_03367348","186_0404906",0.292725449026988,"MEcyan"
"83_01755585","186_0404906",0.318030230522113,"MEcyan"
"83_03916964","186_0404906",0.256502733281262,"MEcyan"
"94_04566095","186_0404906",0.27807550318845,"MEcyan"
"95_01954538","186_0404906",0.287306065636517,"MEcyan"
"102_0224628","186_0404906",0.324538232058861,"MEcyan"
"111_0125471","186_0404906",0.306992531160263,"MEcyan"
"129_0204561","186_0404906",0.282031943312439,"MEcyan"
"130_0043632","186_0404906",0.27273581191427,"MEcyan"
"143_0360849","186_0404906",0.253649374854584,"MEcyan"
