"","MEgreenyellow","MElightcyan","MEmagenta","MEmidnightblue","MEsalmon","MEtan","MEturquoise","MElightyellow","MEblue","MEgreen","MElightgreen","MEpurple","MEblack","MEcyan","MEgrey60","MEroyalblue","MEpink","MEred","MEgrey"
"CK07",-0.0725320956237685,0.0144780585220646,-0.0405500240073728,-0.0419941799457271,0.109616183892975,-0.0382317709421935,0.184081373875643,0.0317589450391912,0.111148209336138,0.17102756274815,0.0286675669519118,-0.0159323421037282,-0.0784483825173063,-0.101301759616781,-0.13181553026087,-0.0931172361400519,-0.0450751593779999,-0.00625999456817134,0.0843934258875757
"CK08",-0.0317651308635487,-0.000351079955068948,-0.0944839679303761,-0.04851839514883,-0.0241614411223957,0.0708519009818613,-5.90705737669728e-05,0.204280440556055,0.0750747388483133,0.0835358689778533,0.0127568309536553,-0.0242395708357212,0.0795299305320021,0.0343890756075913,-0.00807256639017592,-0.0595562160477049,-0.0708267135981459,-0.0339758666305353,-0.0195372238140011
"CK09",0.258908320652821,0.291706438193231,-0.0501550546970442,0.084171069935514,-0.0137370129704521,0.00558912015818173,0.0522083038145681,0.000260673867741783,-0.0248264633001601,0.051320047966482,-0.0306360520437476,-0.0827050136067277,-0.136608739582404,-0.146509413367998,-0.102851029169244,-0.0689776820859701,-0.0339082019241847,0.130527321580834,0.0590960212962063
"CK10",0.142405561786524,0.183771276922947,-0.110113406126757,0.0443612657390597,0.0237808755431422,-0.0604279751281841,0.0605444261756593,0.0132354283158231,0.00111384817674125,0.0865931224856362,-0.16921093492921,0.0366316658921244,-0.136126573720299,-0.096831387345689,-0.167563757737733,-0.133134273197468,-0.0682112104872036,0.041437464439118,0.0255494624103646
"CK11",0.0120248439085514,0.0403705321475667,-0.00156806214310955,-0.038351782556609,-0.00283032595243198,-0.0609003044301729,0.0859036298275051,0.0476394313182266,0.117612567389847,0.132432557050218,-0.0136493054525632,-0.0428756547991637,-0.0895366136179177,-0.11122074505061,-0.148067249700168,-0.0656424340507324,0.0231856445573112,0.00493819621965826,0.12517539846213
"CK12",0.0821257022657271,0.0563070561208696,0.145906712178257,0.108983103278138,0.0536674940536864,0.00175528841408198,-0.0514212239397086,-0.037708773004513,-0.0546527413892022,-0.074316184651998,-0.0313908722485971,0.0887958593571969,-0.119172845335004,-0.1173271509001,-0.0392516051168341,-0.00227330527388503,0.0418558212402832,0.16509105838381,0.0104304036385731
"D01A1",-0.0199635506473216,-0.098916976495549,0.116849692640252,-0.000345213292761371,-0.0633573551570826,-0.0569182743981687,-0.0854842297059487,-0.0391422518799274,-0.0724232915422806,-0.13267279862936,0.0640967385044782,0.0813942688579219,0.0148978511814191,0.0598566612631178,0.134557712185885,-0.0101593439119815,0.0621298140758661,0.243157726083401,0.0774604186654432
"D01A2",0.0560605051897146,0.0348335549730165,0.0931618648853183,-0.0881401648525037,-0.107654484148113,0.161077177583084,0.0288609940997992,0.00929337867915082,-0.0223734581644836,-0.0218860628554311,0.00333665091800111,0.0168332551253947,-0.00904868449771538,0.05313521389774,0.0419348108433318,0.0445630686200365,0.409552780759654,0.358536129098588,0.142295938215813
"D01A3",-0.0419490481985075,-0.0441202241844679,0.111482882674931,0.0374350153440253,-0.0289659617264952,0.00301150795330174,-0.0867778925508045,0.0357172367264607,-0.00516621317234801,-0.0724956826139968,-0.114839021628035,-0.0210920132154077,0.0413973337418777,0.0122404623296744,0.0710150182529288,0.0494045990135602,-0.0143886357374061,-0.0128149252464443,-0.0837457254566768
"D01A4",0.251171529444897,0.121074806457871,0.0651778489043547,0.0847238184094326,0.00647094894945299,-0.0377868854996306,-0.0874361725993763,-0.148508281388644,-0.120035941314596,-0.112276577809223,-0.0350280964580846,0.00829322036044556,-0.0114976292067281,0.000962394384636875,0.096948509056391,-0.0518712748927808,0.017791074232081,0.0275676578314585,0.224234893530837
"D01A5",0.0144830320859798,0.0872367088053395,-0.091758429129349,-0.0295316470273914,0.00730719169949659,0.0985626265760232,0.0738903503418048,-0.0896272512370586,0.0127757309695108,0.091956762117523,0.058701627713552,0.0065878368254992,0.0213337549533222,0.0724014031306319,-0.0521331363300656,-0.0703559999188185,-0.0792365750117215,-0.0656405034332843,0.0367692231499045
"D01A6",0.0351544207913198,0.0350079025181338,0.0615699028012545,0.121225838598097,0.0823517292226479,0.214436825633388,0.150064360319837,-0.0829305044866899,-0.0665019795816752,0.0580542733129618,-0.112091126001436,0.00038598745531201,-0.070584631535127,-0.0101555244605313,-0.0340754774154577,-0.0693046330119305,-0.0227788556056818,-0.0145454441838275,-0.033707713481399
"D02A1",-0.101165190862288,-0.0408196939216323,-0.0322372434849885,-0.134049953104132,-0.102348356749822,-0.0635644375264026,-0.0712527962567181,0.0133201772892717,0.0628352905947649,-0.0254191278246153,-0.0122369771745602,0.127552258074176,0.0720231838491067,0.0955159158882047,0.0710979319476461,0.135186151043052,0.0705506211319889,-0.00279755599563296,-0.101498447445367
"D02A2",0.063466644053714,-0.0920581742876121,0.0905834120040913,0.0661754076620678,0.0221052675545507,0.0567549016989124,-0.00801214838537895,-0.105672632731331,-0.0954041922923262,-0.0894745579074878,0.0572667475706846,0.0951508483279243,-0.0600233492372722,0.0416671110946413,0.0525022831002131,-0.00407385729397424,0.0236447100496112,-0.00327183867763025,0.0354782484108249
"D02A3",-0.101178237570265,-0.0499545057468184,-0.0478820757635304,-0.112143785651246,-0.0834675099072814,0.0167511765308924,-0.0023340970873485,0.0926030271557956,0.070863683329423,0.0565617607963627,0.0193945684810044,0.00533779512721317,0.105714879867074,0.0888233293723655,0.0304694873796122,-0.150064926215907,-0.0574481756244262,-0.0518847237485774,-0.063886235107981
"D02A4",-0.0467115250321041,-0.00327040510325362,-0.111116353839855,-0.095760611472919,-0.0451359788363135,-0.0288611910882828,-0.0611480885139469,0.0932757143496227,0.11985470839629,0.0371503936473133,0.0238553844751027,0.0990080215548424,0.0776595975969378,0.0490871113267201,-0.0199655623327436,-0.0624287722257888,-0.0726300752649479,-0.0278178525301031,0.0211393213865092
"D02A5",-0.0090653603678092,0.0318917429976985,-0.0943198298223539,-0.095966444876249,-0.0761698500407263,-0.0193210710248104,-0.0184072654139059,0.0686421980398996,0.0651693754118444,0.0508355191375786,0.101301981011396,-0.0037728128310525,0.0874196370399864,0.0560271484037952,-0.0234624878077085,0.116557097398376,-0.0711474092969333,-0.058540329543652,-0.067763657795241
"D02A6",-0.0574397859023736,-0.169833484623904,0.109794149224363,0.0305409600202626,0.0244542172474225,0.10804520706989,0.012649915115025,0.0180878515692139,-0.0777040134791828,-0.0775043641495,0.142684949824819,-0.0110972834010748,-0.0881583552876882,-0.0277138623131749,0.0172485642094352,0.0521204843299326,0.192909408181233,0.050278814627109,-0.000292668191108182
"D03A1",-0.0165857255791347,0.0017822935514408,-0.0931476971444445,-0.076729002818686,-0.00743848950340174,-0.058859828643309,0.0622748893024565,0.143012962454752,0.104678882675638,0.111942641230034,0.0231398143493713,0.0688825642305096,-0.0298850308362109,-0.0503605305237738,-0.116416550838906,-0.0485484984813863,-0.052462057639982,-0.00230622989631585,-0.0037231004949426
"D03A2",-0.117690858399782,-0.0846334913338191,-0.0810722900216331,-0.106301573412212,-0.0201209355409955,-0.144841568817084,-0.0987178380828001,0.156576322316454,0.117892391342536,0.0165720045919845,0.0234895514977306,-0.00728939027636772,0.152139533434253,0.083631292711071,0.0497622260656172,-0.00608766708144864,-0.0475207901385674,-0.0146009798730993,0.000335968393410751
"D03A3",0.138776771348902,0.046953892095755,0.106622267533637,0.0833753808913122,-0.0256052132369571,-0.0433754736023242,-0.112468562706181,-0.00739269688141038,-0.118504638704326,-0.165531245552449,0.0187909961996534,-0.0779546604804602,0.00401133444011168,0.0113103590927159,0.106068699225719,-0.0230755347332084,-0.0270810748943118,-0.00562369431296434,0.0444473627091861
"D03A4",0.0612679898250867,0.126000804956142,-0.0672227140136547,0.0020908688159825,-0.0417278161849855,0.0756314153784519,0.0437230949632045,0.02313789170321,0.00394879214642673,0.0823420219662734,-0.0346882911536099,-0.146972779016944,0.0212888609990313,-0.101116103347636,-0.0666262785722072,-0.131968978397783,-0.052576591300852,-0.0748790323039078,-0.00899072679460209
"D03A5",0.0257311536632164,-0.0178724278449753,0.0661330787079876,0.0284272035482442,-0.0244504500399983,0.0855059740897397,0.00447390538539184,-0.0811006471098361,-0.0575793415705644,-0.0179419983901453,-0.0791719451613036,0.037694291626878,0.0497881692862403,0.0991429506961679,0.0516299862086336,-0.0213225818194517,-0.0453921975147673,-0.057411552131498,-0.0587776809099678
"D03A6",0.0134827342977035,0.0202642865314128,-0.087564877330788,-0.0794314639993257,-0.124717813698603,-0.0284835580916756,-0.115061484836293,0.114687345383439,0.0702009208682444,0.00576958796341045,0.0114300864225213,-0.0524372583511974,0.0948677619063394,0.0237274086043873,0.0279562331454571,0.0704105122253029,-0.00111308827656632,-0.022702503771517,0.0139239281699334
"D04A1",-0.00705474892002664,0.049814810162176,-0.0988072922184283,-0.0294488030645685,-0.00183840806007962,-0.0817199430277886,-0.0794949547453627,-0.0443358475211548,0.0438982156783529,-0.000701161965635002,-0.0860986500983389,0.0427902413451719,0.0545005310877919,0.0311675440918128,0.0240856455868531,0.0221378305801377,-0.0776380585408403,0.0456599449039353,-0.000491246947625278
"D04A2",-0.131116164484505,-0.0968712743354798,-0.0325765386107668,-0.0623110831513677,-0.0145429664703791,0.0466807448603698,0.0811120868674625,-0.0539470469748502,0.0497283063620819,0.115900488481017,-0.0315509008893012,-0.0165624236788179,0.0594340367906075,0.0631741384670299,-0.0143592342055666,-0.0447982056570919,0.0248378333660062,-0.0660787061292226,-0.0357408793771122
"D04A3",-0.000112490440411537,0.0595780603599054,-0.0260564465161797,-0.0132666688527572,-0.00214341289564389,-0.107377325307276,-0.0593681329745405,0.06457011914419,0.0789145259344622,0.0279517216781723,-0.00127701394811056,-0.150796447878793,0.0285943552432439,-0.116556147474064,-0.047856622310055,-0.0110483051660502,-0.0301511981723187,0.00237540906859358,0.128631346927234
"D04A4",-0.153665538291334,-0.126468533561821,-0.0581824263331222,-0.0974557478483749,-0.00610484703642464,-0.0241285670134403,0.0178308089530848,-0.069290151558858,0.116426165015292,0.0983279987977305,-0.0137001068580714,0.0800196084981816,0.0478661689216355,0.024217991183582,-0.0115134422568328,0.0263476257714856,-0.0638267732059812,-0.018299291706474,-0.0294628577885365
"D04A5",-0.0211346992250105,-0.108862906312027,0.091792296323295,0.0711329097191108,0.0225248502724511,0.0736967177553329,-0.0753898954422055,-0.0899286735374509,-0.120387834740056,-0.148820936934521,0.0770518518703627,0.090273475881393,-0.0346770604929912,0.121410124715582,0.105105932689275,0.0725929117814002,0.0636477025501522,-0.014539632621432,-0.0930373380067414
"D04A6",0.00481192484135274,-0.0502052702833546,0.114436335496008,0.0041055948456183,-0.0870951288944362,0.0786573538357711,-0.0721357797164001,-0.0343530752613704,-0.0765725202494852,-0.13113873064735,0.136738049301981,0.0707356240890757,0.0247784793573645,0.0924265816555694,0.124280827415414,-0.0156495414951487,0.0116765682958096,0.000830320935679846,0.0224267032706459
"D05A1",-0.00520260168844056,0.0137220716370787,-0.0961628403190257,-0.0800048154552123,-0.101793481492765,-0.0192275086839242,-0.0897172133799988,0.0755678781631721,0.0571911014535131,0.0115581878627751,0.00144355011683677,0.00629052335802552,0.123730908095341,0.0749169649565431,0.0646946611376504,-0.0146018912781937,-0.0486300928768078,-0.00618584113646413,-0.0522108270169588
"D05A2",-0.0388956439550517,-0.11253764703276,0.136764423558437,-0.000176783319246801,-0.0917744294597957,-0.0128749961818738,-0.069300162706563,0.002381895892774,-0.0410703450351792,-0.123505437127425,0.148936354769893,0.0123218680525938,0.0659275487322962,0.0978517568945453,0.1819631368028,-0.0211744729942403,0.0138698191400085,0.00848789892675661,0.0346563258613893
"D05A3",0.121340488064715,0.156411270764799,-0.101367641742661,-0.0261701083936773,-0.10172100533597,-0.0462599240483815,-0.215477353884439,0.00400586987988233,0.0214575202042844,-0.0933811185436615,-0.0110102581195498,-0.0562702532077397,0.0994183510874542,-0.0264426585668998,0.0176622846994611,-0.0293823991897468,-0.0279464067776972,-0.0130766821781772,-0.0846741827187895
"D05A4",0.0252926333170067,-0.146670273110692,0.100364428599272,-0.0164086676928414,-0.128678266931842,0.0534300618756449,-0.0888354254390538,-0.125307637731202,-0.0696363615941932,-0.0946638461598037,0.0924015722698061,-0.0260474676758071,0.0260587034717941,0.0766252523535431,0.12297507450616,-0.0338166251487372,0.148295084966595,0.00466614799221882,0.0436187318276178
"D05A5",-0.133927652682394,-0.0934793690480175,-0.0980891957672369,-0.130848431357078,-0.104393784390837,-0.0105275272247106,-0.0339268489731251,0.0522316370981634,0.123631113993786,0.0682275099450957,0.0692291755488509,-0.0329176022676214,0.158927903104964,0.0712577805950131,0.0217371845713711,-0.018871339505624,-0.058532931631436,-0.0608817058923531,-0.0264682331816554
"D05A6",-0.0135055305515779,-0.00454406397046477,-0.0766194992768142,-0.0603042592985031,-0.0395680920820521,-0.0407289974290092,-0.0593092303035187,0.0318113198695044,0.07123785206228,0.0188377546514104,0.0548676814324906,-0.0731909144918061,0.0971390938387851,0.00963740283535845,-0.0203685944336507,0.119733855718118,-0.0683232740529815,-0.0424711267755512,-0.056138977846672
"D06A1",-0.0271827181783111,-0.0194315756364867,-0.0359259345734902,-0.087741772118758,-0.144836569755097,-0.00578764705202916,-0.150211553314111,0.0478166353869367,0.0526911522061131,-0.0427413247405055,0.0213004027148986,0.0166666722156132,0.0986174179654104,0.0760415099252449,0.142654159182701,-0.0930516014053695,-0.0229349870414184,0.0198418727868926,0.046090384615748
"D06A2",0.0357373853444888,0.0759698239221765,-0.125848447718334,-0.0243983602806663,-0.0368048891073607,-0.0149283527875437,-0.0153906065564634,0.0665483269212905,0.0365652773650738,0.0399404992220138,0.0254730461596762,-0.0304289544828153,0.0230144381818482,-0.0136093553627521,-0.0330933884424731,-0.0664456163349942,-0.0833128847606827,-0.0441744587621037,-0.0500600308609004
"D06A3",-0.0638777072727204,-0.0439151589289536,-0.0824916100128597,-0.0766436545634735,-0.00772931417274499,-0.00639954646286091,0.00530871915096374,-0.0495201999033314,0.11140757973861,0.0753744498897608,0.0299200266983833,0.0525793451936565,0.0304102301285632,0.0267371715417614,-0.030239828415338,-0.0472493291892403,-0.0652222222029339,-0.0126283513968493,0.0116143510060927
"D06A4",-0.0205940259417063,0.0680125263576353,-0.104861460073354,-0.0510842406017735,-0.0210623714244776,-0.0491068068366011,-0.0242966548923166,0.0237809431441576,0.0426629861563476,0.049621464302717,-0.024172187404552,-0.0164607137635233,0.0860117795290008,0.0398831896736852,0.0102650632178619,0.001747092806262,-0.0585729314036224,-0.0396771675022554,-0.0533465310016246
"D06A5",0.0748542407750705,0.0595925735430864,0.102508317534045,0.123802538951168,0.141406965971555,0.122473287844958,-0.0278567229915019,-0.122234888529984,-0.0854148506437392,-0.111740553612725,0.065306439544291,-0.0153341860275988,-0.0528055603520223,-0.0127366541678551,0.0364767479875611,-0.0650178433558317,0.0186654985491863,-0.00153242466880008,-0.0632834194578243
"D06A6",-0.0177655527738123,0.0606234883820161,-0.0935076195894713,-0.0605622261252118,-0.0607544992126696,0.0134628958350382,0.00123806851182165,-0.051346238483761,0.0375514458159111,0.0556624454536246,-0.0189803672527283,0.083270471810007,0.0800061399772184,0.145918428357762,0.030182863292746,0.0291519818005006,-0.0775082905753457,-0.0490980796880313,0.00161569105326619
"D07A1",0.0287815125890768,-0.0485003048633133,0.112478750136809,0.102242480539251,0.0633310748663596,0.00524148761401751,-0.0614029630767131,-0.0846644338727122,-0.126817976898486,-0.172113819720146,0.148614041906908,0.0775149233920703,-0.041653410536457,0.0633976078423568,0.094600863443378,-0.058080592926826,-0.0260354096794254,-0.0010115229988954,-0.0350754838948783
"D07A2",-0.0417357247368124,0.0209843790335743,-0.103313034935432,-0.051772504085648,-0.0152167499957576,-0.109851696530952,-0.0607653282050772,0.0616773481679255,0.123456570204794,0.0643560500413588,-0.0169642160599572,0.0230930438227054,0.0698533994754709,0.000374144022568997,-0.0252336575208059,0.0224812018052052,-0.0415795314305615,0.00817275528317377,-0.0397685308832876
"D07A3",0.111129079947752,0.0463317239795071,0.104008962534921,0.100566515461907,0.0189863966958013,-0.0306032086124036,-0.124026118122448,-0.0563479336146278,-0.157648217586177,-0.167405952587338,0.0640660297286607,0.0431695484748454,-0.0462722253562892,0.0568434590533563,0.126433127551519,-0.0318039929542023,-0.00863186469761286,0.00672244045327374,-0.137344618480383
"D07A4",0.0391890294085783,0.0783062799738957,-0.0904028995718258,-0.0233054404074859,-0.0207968114878616,-0.0229689091861929,-0.0871590787443892,0.0284449682053534,0.0463537798866024,-0.0191949154722551,0.125758514415344,-0.0971637678461506,0.0598879654411618,-0.0258413399033025,-0.0138241526579262,-0.0423595517116336,-0.0420424134909204,-0.0327103330410129,-0.0599860771779265
"D07A5",-0.0434349086092581,0.025692284275084,-0.0703021498895317,-0.030091422423678,-0.0502497427305059,-0.0160872188388295,0.0435436089840319,-0.0595714513903594,0.0253751167002677,0.0747809402031238,-0.0320254215650047,-0.112382927811201,0.0493270477093782,-0.0809131185140034,-0.00833008461892362,-0.108770609345257,-0.0300835700065221,-0.027239926825496,0.120189588562802
"D07A6",0.00796368413191201,-0.018457306873992,0.111843064193861,0.124462200583301,0.175823413493743,0.201074167590779,0.0517365166208773,-0.167841324260202,-0.0948919365488615,-0.0459947232207274,-0.00787519434168545,0.00686530153819785,-0.0817140819678661,-0.0180461204435084,0.0123119573133698,0.157231095590782,0.0697686961412567,-0.0153757619106877,-0.0936893244027912
"D08A1",0.148762178638952,0.0293270876098803,0.107157168994485,0.102237719192595,0.0115915197958078,0.0383696030220251,-0.0351008483280784,-0.0417292942981101,-0.130682647152871,-0.129154919613499,-0.0195678007767182,0.0347116818487893,-0.0458666417178518,-0.0115792695734895,0.0751205656542351,-0.00637879833067888,0.0151550061638681,0.307600713550517,0.119398092741167
"D08A2",0.0632325928653707,0.125205113421777,-0.0875912581894921,-0.0726462383003091,-0.08604605282162,-0.0947322867029976,-0.154283133318201,0.152159005775621,0.0985591904215069,-0.0231513967008787,0.0479046219674243,-0.0153602577471545,0.0931262395627068,-0.0530534709578602,-0.00506004973338083,-0.0763402862930035,0.00560042155604747,0.0161299177544359,-0.0295791446607948
"D08A3",-0.0485529207723782,-0.0370733158496464,-0.0662363179307402,-0.109379156117014,-0.124373502480594,-0.0271523635745117,-0.106024948951273,-0.00391155725276431,0.0469869818166062,-0.0274941058106385,0.00645025222004811,0.046540471846744,0.0964601709841936,0.0829006633545554,0.0658879686188576,-0.102862248948595,0.0609420668032687,-0.0136845246569984,-0.0600161303415902
"D08A4",0.0211493275999377,0.0800838574929407,-0.0808457130906736,-0.0197336979978581,0.021267064181541,0.0573547270352123,0.0672583306110421,-0.0321002447472082,0.00168487043685236,0.0613564123442338,0.0476274890609342,-0.0231248297817161,0.0130799025045371,0.0229466368191574,-0.0242990751905463,-0.0330655916052822,-0.0731417937383935,-0.0706236712796389,0.0172826602216556
"D08A5",0.111073619383099,0.0648443016716227,0.0886551436515317,0.0586305099577962,-0.0164537134996408,-0.0185534620536947,-0.0889370887064643,-0.0738868573527116,-0.100449483571809,-0.11946947971226,-0.117263533258141,-0.0490983140482801,0.0156721173878652,0.00760662070371315,0.0725233847226449,-0.0387995471169994,0.0242189908486258,-0.013309118999654,-0.0803871442384545
"D08A6",-0.044417167766627,-0.0342102592025991,0.0408636416529734,-0.0274238419308477,-0.0314197355213937,0.00232984039448042,-0.130479287350449,0.0069189710889355,0.0639476951173756,-0.0589672258845914,-0.0864186542014801,0.131856095649408,-0.01915850404182,-0.0027282440966437,0.00203801677614422,0.460684465376565,0.0953492951817162,0.0699927791693163,-0.0741645737708272
"D09A1",-0.0197695771921381,0.0189321943303988,-0.0274972483130302,-0.1066011520778,-0.101762801642482,-0.0348518649522791,-0.0692321110197772,0.0587348953409628,0.06598538270975,0.000840198636546477,-0.00681849097380024,0.0357658670092522,0.036199116438614,-0.000306813596120306,0.00759271023120427,0.0540646970168008,0.0782916963116769,0.00847811919362976,-0.098113408996842
"D09A2",-0.0894119114571436,-0.0609719636545037,-0.0930296804648279,-0.122780358050013,-0.128601835757486,0.0609953702008331,0.013242613565219,-0.00519873661571024,0.0726689601767742,0.070268173275569,0.036905495947418,-0.0113355909736322,0.126560615053956,0.0997558146194088,0.0561786405665719,-0.0245726957589134,-0.0747303802268675,-0.0617441324576803,0.0111247152020904
"D09A3",-0.0100957803961523,0.0519050751343466,-0.0950159422742639,-0.0522441151076201,0.023201237121907,-0.0250897411918859,-0.0473070499513409,-0.0500885142493295,0.0404041932993627,0.0174513561345339,-0.0149289283055837,0.175019835732034,0.0312102086918171,0.125488274072188,0.00606594821757258,-0.075871172884173,0.0156679896190242,-0.0208980439004977,-0.0903659776730387
"D09A4",0.0228307226227656,-0.0583992688136409,0.0993780846757939,0.0715561259930345,0.045977769471297,0.0437757032586633,-0.0646672841624177,-0.0107413021330636,-0.122524706106997,-0.158938974537398,0.0785957985375615,-0.054187631983446,-0.0387650832057222,-0.00499147604491672,0.0661270417771596,-0.0517426162670828,0.0805034748922328,-0.0327490703833643,-0.0380497812694238
"D09A5",-0.0527513289444323,-0.112035961072225,0.104012264944964,-0.0229700727107816,-0.0673639165215661,0.0189013236879007,-0.035181161953826,-0.0434602766695614,-0.0284915501945948,-0.0368690796514263,-0.057491300058038,0.0316614413108594,0.0840004879222322,0.109961670411137,0.097774147803095,0.0473561329236041,-0.0491134604407275,-0.0402434962267968,-0.133641799436826
"D09A6",-0.0526757834232422,-0.0732677489710924,0.116279200560441,0.0891352502869525,0.113159838185938,-0.0174848360028477,-0.0116784351876264,-0.0585741937215433,-0.0597596070809557,-0.056073327702774,-0.0948019756876797,-0.0750017946185111,-0.00300223191812454,-0.082768172279373,0.0691987784331084,0.0391452909567618,-0.0169028332201524,-0.00971445139487807,0.0513413564470671
"D10A1",0.0727019192959193,0.0234385270410261,0.0856017188397162,0.0650106257731438,-0.0285118194267963,0.0713992897948069,-0.0734395662271457,-0.0587095762776251,-0.127892538700305,-0.1506633134961,0.198311906913137,0.0151403334464534,-0.0257967455128658,0.0665248177419854,0.0767432345958449,0.0425507250816726,0.0597556813900202,-0.0235418668277912,-0.125268308842493
"D10A2",-0.114352052626614,-0.0700016356809449,-0.102690386552893,-0.0809907963858704,-0.0403311337327608,0.019968655598724,0.0350142714235389,-0.00934749540190478,0.0764832867661431,0.0914716053931197,0.022941605542102,-0.0338732860872337,0.115677032414554,0.0632566094247758,0.0328249668055146,-0.0738961530417692,-0.0768678030191255,-0.0436479522216427,-0.000941485073721939
"D10A3",-0.0431404109792753,-0.0502387454657496,0.0223072341016954,-0.0139508740803632,-0.0271297917968534,0.158110085158331,0.0364649880241611,-0.0690407713507012,-0.0106569403427945,0.0233227396058951,0.0450568878199258,0.024028017690244,0.0343867210955864,0.0880202592826941,0.0504079239964948,-0.0465263635296378,0.0443820985308492,-0.0609738133281401,-0.00330843707883097
"D10A4",-0.0351875126934851,-0.0293994242067468,-0.0554029399958148,-0.11373559725113,-0.132327859624385,-0.0225539373956111,-0.142091592029016,0.0999311416942843,0.0498147608436226,-0.0323180360264761,0.0956902119370123,0.0889838770255691,0.161874515779581,0.180245592349527,0.0823047606471588,0.0896834333407092,0.0550118719992746,-0.0215169220679618,-0.0366498620452241
"D10A5",0.0851321947179472,0.0515647327074051,0.0505868413469592,0.109033372916816,0.119151987579628,0.183429774650233,0.0952919146717546,-0.0445316969638736,-0.0663814298279794,0.0327567370946034,-0.0593651488761275,-0.0546655181856282,-0.0355050949142735,-0.0332687411840961,-0.0561343825114659,-0.00539394625252252,-0.0302079222000625,-0.0598265066209101,0.0123041726192933
"D10A6",-0.0426581856127697,0.0190252006989258,-0.0442377720714434,-0.0412280156451319,-0.00401268595482822,-0.0765380499197145,-0.136786389174153,0.0410863992084615,0.054292298254847,-0.0329075963185964,-0.036705997225093,-0.0845766605730702,0.117719113478196,-0.0370391830733901,0.0374320025988438,0.195624335516121,-0.0198462201377383,-0.00315511723544333,-0.0218621165054763
"D11A1",0.115481338725554,0.00365941608995653,0.041513568584513,0.0984616330142436,0.0588924684425034,0.191035628810292,0.184827021042572,-0.0461226828908499,-0.127335636322673,0.0547093758141803,-0.118995886055219,-0.00730059082850386,-0.0775971828866008,0.0549939493459789,-0.0213810703483604,0.0990733795847469,-0.00763971830065458,-0.0537559772110027,0.00835603539369525
"D11A2",-0.0530864081969253,-0.107954485447587,0.127263403876078,0.0215374478083859,-0.05345817138988,-0.123371805714961,-0.058299241581489,0.107403294395143,-0.0569957964897651,-0.148077703528069,0.152530647950475,0.087269181667091,-0.00618606538290005,0.0593392608376803,0.14397910564093,-0.0164705680833798,0.00511626186979081,0.0400412134497957,-0.0771870030304392
"D11A3",0.0485272537601891,0.0654468743551376,-0.0725286061323589,-0.0626670492148574,-0.0892620244893706,-0.116239745954692,-0.138490660386267,0.157423614844379,0.0122842555211518,-0.044012275418096,-0.0317710183464962,-0.0628458199649576,0.111664710703467,-0.0170369643258482,0.0392741728943077,0.0665610011967308,0.0544263094581698,-0.0153077778295659,0.00300031765307689
"D11A4",-0.0127030566812079,0.050961042557585,-0.0691945553403774,-0.0724630824028533,-0.0908810835602789,0.0212371921970177,-0.0305518898582355,0.130284103657809,0.0337313998330585,0.0355491437748481,0.0308048688069609,-0.120309454642706,0.126064752926165,-0.0466458415144293,0.00774353577240546,0.0408283965989628,-0.0513207259832691,-0.0526349892186617,-0.0150615274981903
"D11A5",0.0149407498958639,0.0288957984540112,0.106248893659434,0.00531834626184642,-0.101597470940202,0.103595194669031,0.0323436109061789,0.0325300572059098,-0.0584390589978308,-0.00467200099733554,-0.0387523119294593,-0.0339846684325324,0.0192485341814691,0.0144302306952522,0.0261585201169277,0.0446177384253692,0.0538466397070178,0.109290438524343,-0.0953179321703869
"D11A6",0.0378384636105455,0.00605721411842331,0.0916006022196917,-0.0204656501707693,-0.0811156167785381,0.0030766948679625,-0.0518725667607062,0.0310736633480026,-0.0099260006363061,-0.0691868883526703,-0.0161304075950694,0.0234283566161966,0.0766332830955545,0.0912790599332911,0.124177667021727,0.0483692861054994,0.0562462100879532,0.62446764664373,0.0486305770807135
"D12A1",-0.132553696432462,-0.15617783764427,0.14688530462024,-0.0039464177968395,-0.0542250053270496,-0.00366706496641092,-0.0600055113787961,0.089562042666971,-0.0250954040736339,-0.0697363401580675,-0.0893011947622623,-0.000549043011924161,0.061204585013393,0.0624289980947288,0.111352626851843,0.033030049076481,0.0155155973796139,-0.014001780142739,-0.113814059102464
"D12A2",-0.0962331828854525,-0.113826506801057,0.0894651016908384,-0.0899945617502172,-0.104172885631142,-0.0992706117062576,-0.0899165580117108,0.0260386385350328,0.0351786873610054,-0.0998007967788192,-0.0100077143951736,0.306416017155175,0.00648549110893841,0.121999536109036,0.180088824210012,-0.0365030866391877,0.138600883689898,0.219437985277062,0.337860029809972
"D12A3",-0.00348454069534059,0.00651234072840352,0.0946779605858061,0.0355439463521262,-0.0673364820560107,0.0535528825450374,-0.0359453551784509,-0.0239626160836344,-0.0733874475574741,-0.0462817855044759,-0.113228565387387,0.0701436802702129,0.043071034924253,0.113334277918661,0.0590588695902489,-0.0434216210026493,-0.0506740312512614,-0.0334674209123273,-0.0897692577162906
"D12A4",-0.00906730042351321,-0.0349681645093188,0.108345176371094,-0.00131836660662999,-0.0292641039031415,0.0701217375341633,-0.0187406128982473,0.0908571337706405,-0.0770372722271247,-0.125454623814908,0.0549803816196481,-0.133880990199904,-0.0417435933829714,-0.0865982054749388,0.0825450442831529,-0.0468273928420632,0.247223144219514,0.00150788181010373,-0.0217784342219916
"D12A5",-0.223006814084125,-0.204481609013858,-0.0501564469203241,-0.19169975689851,-0.167342042140168,-0.124106901931237,-0.0162588582075636,0.193516255766538,0.135295114447341,0.0322100240808088,0.195290011426459,0.097171466403389,0.123483308983001,0.101435400636501,0.0575330353348503,-0.0580587342819209,-0.0407393203600257,-0.0305995123506822,0.110936028378841
"D12A6",-0.00220434375107946,0.0580565474230096,0.0175311619367639,0.0467180341622533,0.0779885670218692,-0.0649622886837069,0.000702931589710704,0.0615718751755487,-0.0125304086384538,-0.0073011932837114,-0.15335413753662,-0.0810722668308199,0.00906096127542421,-0.0593677481212136,0.0250519014293953,-0.0944247788573318,-0.055541904142424,-0.0483816196103661,0.0125619912996697
"D01B1",0.134750619480122,0.110194427120365,0.0518108039399693,-0.00984922846583455,-0.061291951873936,0.106921188878466,0.0383025415298413,-0.0418942735002611,-0.0476944507266236,0.00614094183221329,-0.068041968043414,-0.0727050465521657,-0.104118654236713,-0.147938359426455,-0.0744344554717806,-0.00251933569057618,0.317104175358611,0.0292692012750888,0.181769159671471
"D01B2",0.0115177802868547,0.0516410178652399,0.0468215676835935,0.0864992098453012,0.167044809062703,0.0741949019599355,0.121803738671524,-0.0249230423491837,-0.0407929691821609,0.0153894032821912,-0.127076957039395,-0.0528608318866057,-0.143730244005327,-0.128121174384431,-0.087305885243777,-0.0542918675967365,-0.0264253426460367,-0.0140269291372338,0.0479882604285844
"D01B3",-0.152496098364485,-0.177464884083507,-0.0202553402640204,-0.0950412691053804,0.00224596944127813,-0.144081789076203,-0.0340284720352443,0.134683771650998,0.135058548216416,0.0265140677157046,-0.049330359468118,0.162490007085839,-0.109501594300717,-0.112258073786657,-0.116373235865871,-0.0725299169819543,0.12155402466616,0.0935770091082297,0.0252124736754614
"D01B5",-0.048088543502699,-0.0575483138713978,0.0934992857055401,0.149471945964304,0.192639379808882,0.0170293942380852,0.114879300240358,-0.0784311358806685,-0.0894749807294558,-0.015649310016995,-0.114996593862765,-0.0449073318592351,-0.129444299823813,-0.12134981912399,-0.0867247420445727,-0.0296510602734827,0.0134223156103563,0.00109007561989224,0.0617695470802813
"D01B6",0.0795538885958613,-0.0672892576312098,0.100263399006708,0.0588142281935373,-0.06420747059469,-0.00210080371998271,0.00445012405761862,-0.0830649388003927,-0.0886169308279782,-0.0665643078870075,-0.0337533800268821,-0.0715588946269605,-0.026196185701292,-0.0873855103820738,0.0931706423161295,0.0822269775682555,0.0599606592970981,0.0229944040899264,0.117771260799684
"D02B1",0.00747309157335945,0.0399568584481933,-0.0568550627031527,-0.0543170933045303,-0.0696599964788691,-0.0337006144469649,-0.0784292451830135,0.0139517360780455,0.0449179005809942,0.0237303160174236,-0.0217675214228228,-0.00562780396461467,0.0703955779636019,0.0353162850511549,0.0252183815804496,0.0771531805811484,-0.0623002518769817,-0.0201527210409566,-0.118644878154435
"D02B2",-0.00231037755483206,0.00381086653506796,-0.0663753282463065,-0.0434471797424742,-0.0235886814226802,-0.0816798711355705,-0.0191069163312422,0.0719251506851358,0.0596326306391024,0.048357823390983,0.0615826158814706,-0.105621365573821,0.0620252620467618,-0.0370654146716941,-0.0702454790286187,0.0938467376982046,-0.0673975114922113,-0.0471415882002526,-0.0500554688597954
"D02B3",0.0321568014752427,0.00650779315200053,0.0970772371660573,0.0872389771642754,0.0179995488856851,0.000880967334945202,-0.00243123746544185,-0.0162487920409519,-0.132038076187448,-0.147160128870813,0.10088477963045,0.0248499700117506,-0.0357455880138548,0.0513876014440223,0.121937991576606,-0.0563264627922575,-0.0403569089923624,0.0540518147825123,-0.0737903370794348
"D02B4",-0.068506051776419,-0.00515042163324513,-0.0401337730021846,-0.020931451896919,0.0111790608276211,-0.0180820373232219,0.0392776147405129,0.0868205229989108,0.0418664257167951,0.0555778590068864,-0.0457985917811813,-0.101386297867158,0.0558372612857448,0.0241650407496843,-0.0135873192164102,0.220808518306903,-0.0550965307947345,-0.0564122514777895,-0.0912227357334641
"D02B5",-0.0408372259102989,0.0515398713041835,-0.0787189023530876,-0.0598401629566086,0.0161548140323909,-0.0427689762666446,0.0471038006311792,0.158601351797643,0.0849261396049974,0.0872514426023574,0.0110148903706128,-0.0242882599255512,0.0324365307038228,-0.0246429644423668,-0.105245467232902,0.0752750820867431,-0.0266266353997225,-0.0715125368801226,-0.0759134559678538
"D02B6",-0.0414315307675151,-0.0710290387065493,0.0662908535929855,0.0669032040685478,0.0170939545597672,0.189748016680431,0.148914699033381,0.00347586738359834,-0.0722223637725075,0.0462533143890273,-0.0964424230175651,0.0084393278825006,-0.0202156947463767,0.0718732888897588,0.0306082018577896,0.0503501477751172,-0.0088744784635764,-0.0365997653610072,-0.0196291429024302
"D03B1",0.0315445561556167,0.108118352001133,-0.0844520924352406,0.00885488630213748,0.0595950513725965,0.116786638623241,0.189063616095577,0.0386403161017862,-0.00374199217795102,0.136090167618589,0.0323115774183166,-0.0213915036317262,-0.0860490588824727,-0.0418439847817804,-0.127118945645354,-0.00395021899750658,-0.0555600213303184,-0.0562219760618022,-0.0528485929454104
"D03B2",0.0253768976888181,0.06687067648416,-0.102271518819417,0.0309345523026709,0.0926640194038083,-0.0747973832990114,0.0886569750974597,0.0613225548872214,0.021665047168319,0.0948208001323309,-0.0524063429396137,-0.121155400372691,-0.0140590655830172,-0.0540335944184901,-0.0929959734510079,-0.0330692135724135,-0.0658341985354629,-0.0562550409905965,0.0512250656834833
"D03B3",0.10621847782806,0.0609308855423191,0.0297788466155261,0.0230470858527469,0.0214555717111801,0.0785023609983472,0.0203534197896163,-0.0250986429453026,-0.050430392406012,-0.0348811236821672,0.121188829039464,-0.00203165261960556,-0.0112303344538017,0.0534258151314965,-0.00829451449077584,-0.0263300260978072,-0.00656263545991275,-0.0590080510588367,0.0595590727911687
"D03B4",-0.0317594062824628,-0.0256317384349055,0.021708397537168,-0.0298577711394603,-0.0763963641308274,0.106891913406194,0.0774996489323389,-0.0411346826222994,-0.0280123031560932,0.0587770003384199,-0.0742943344871421,-0.150494469426949,-0.00370706359888694,-0.0384778868502766,0.0490421714465559,0.0324414602299926,0.286992151685551,-0.00987659804570314,-0.0463139811710772
"D03B5",0.0696533722167275,0.0411518855824539,-0.000454126495997975,0.0625078805555263,-0.0168640052244629,-0.016838149465923,-0.0100643930162615,0.00112110898263602,-0.0667727371016669,-0.0300851338514136,-0.108049013469544,0.0540735192910523,0.00463713026305969,0.0263937456493951,0.0173683143754135,-0.00345305078619234,-0.0491490000109304,-0.0201860120599116,-0.0874281615875013
"D03B6",-0.0853810971419845,-0.0646673718086584,-0.0832552815803007,-0.0996310482861762,-0.0965470439675855,0.00909413782421454,0.0302361738264943,0.0722497426255268,0.0649529164810294,0.0617238443790962,0.139502189205117,-0.0698640682919536,0.0980253666193079,0.0656182417273785,0.0385744427429591,0.0297676104361773,-0.0534984219651954,-0.0552208872388886,0.0216394606885225
"D04B1",-0.0264514183070867,-0.0324067662681745,0.10329135551846,0.0858185941690124,0.065363333393017,0.0676544649473536,0.0395091716740702,-0.13402421675573,-0.0643456644669869,-0.0194725166282762,-0.134955857686344,0.0907510393486155,-0.0416970096940147,0.0391472742684869,0.0354715882158172,0.0825218546016391,-0.0441010060375613,-0.0169441100331216,-0.105596169747568
"D04B2",0.10337142487652,0.0720309991432404,0.0906328962506318,0.131045112408559,0.0774322347143925,0.110646155273273,-0.034133647065809,-0.108047606914494,-0.133176309287143,-0.141019709035855,0.0572624433321849,-0.0976379895488773,-0.0513362836571237,-0.104125996715862,0.0777488780792499,-0.0750138526885093,-0.0160258794756142,-0.0103601340449432,0.049087676861127
"D04B3",-0.0667128878066212,-0.0152492294169655,-0.081083652651823,-0.0908451733609988,-0.0789134861019639,-0.0781786271782426,-0.0916549677969701,0.0307924052699369,0.110892104176147,0.0142255224493959,0.00182002770133827,-0.0277473757668595,0.120264205489999,0.0442564829165776,0.0183219514920175,0.0455013858850182,-0.0383302649109277,-0.0273822986670967,0.0656341598944916
"D04B4",0.0392842616075219,0.0895816644509747,-0.107415358293581,-0.0623290994272904,-0.0358734939572973,-0.0639532476685062,-0.0843522217833818,0.129775069628067,0.0515204709303377,0.0070862779110473,0.0449570602512069,-0.0572077226847924,0.0876210613699113,-0.000162834161033387,-0.0632755528527848,0.0620798567580175,-0.0657600422481885,-0.049685691621864,-0.0579293624808075
"D04B5",0.166107963938282,0.0957874964942149,0.100011960566565,0.154873484483745,0.115188521262671,-0.0141393305287572,-0.0388029689222409,-0.0368495136908705,-0.150765256339824,-0.149786394841093,0.012774311956025,-0.0597545028910779,-0.100015392534016,-0.0759791952438779,0.0232943266736985,-0.0524015094917807,-0.0367099145612631,-0.0118834992490856,0.0102267811283157
"D04B6",0.0100789616025025,0.0446958493937378,-0.0731084503577135,-0.0872860696443915,-0.0458564266922359,-0.0113486292640974,-0.0825018972434358,-0.0282324928281942,0.0525821079333025,-0.0116269151702224,0.0671407080555142,0.210451968518181,0.104524495758705,0.237956402560275,0.0804228930209932,0.053859716288351,-0.00807831449957596,-0.00138705729549856,0.0264819647264956
"D05B1",0.0103181407588748,-0.08628649264463,0.0592472335785953,0.0822147744997635,0.0965064704059104,0.0767201465423888,0.111527147398461,-0.0374534162998393,-0.051469457505542,-0.0104753151285674,0.19017589613416,0.0590638728293001,-0.152317922250055,-0.0583963483391531,-0.0996936250677729,-0.0556002216633741,-0.036641394914042,-0.0114519857584922,0.00810581042250855
"D05B2",0.0326307046285228,-0.0052659123681954,0.113952941263779,0.0822069276998826,0.261524792582086,0.0219103831149578,0.035223655407627,-0.0887083615960289,-0.0826753778692795,-0.119109089371593,0.0456603797726438,-0.00813926869890724,-0.0915277053083313,-0.0919489435781189,-0.0758713621039089,-0.0324880464774036,-0.00771586415547069,-0.0112404712479732,0.0118273133757855
"D05B3",-0.127312272524546,-0.151954644012397,0.0493040698123835,-0.168797034751481,-0.0821410847594134,-0.0369731210003761,-0.0594874067102006,0.0233200872224813,0.115993220260505,0.000789635046171412,-0.0152039565743622,0.0820731792263696,-0.0671245470755969,-0.105816778695405,-0.0756277370931002,0.081222727114898,0.246356322453928,0.111581509585145,0.114224610018511
"D05B4",-0.10377690799158,-0.0393923873882163,-0.0614561689852213,-0.0567447108605349,0.0931816147143529,-0.100726020683412,0.145100282685222,0.0636131862775959,0.140409236958521,0.16575438985405,0.0591200576501768,-0.0134302356118719,-0.0464084303741459,-0.0816002570190837,-0.122320980949912,-0.0168539510613947,-0.0586190877252882,-0.0206552337010859,-0.0681155812575674
"D05B5",0.0218148208893319,0.0307048217455539,0.0764731055185821,0.157853171284449,0.191799153666459,0.138784586579015,0.139599128630449,-0.0946679465690449,-0.108998012775922,0.00459748754290796,-0.0959288870992125,-0.000216687693159994,-0.143442942236626,-0.050424610774372,-0.0817096180825995,0.00587387306391578,0.030744486338939,-0.0232100844344056,-0.0209830893668442
"D05B6",-0.0196924789872323,0.0200477821994216,-0.0232213959925246,0.0242037282864705,0.0570409618907059,-0.108094885275933,0.0357169712367192,0.0918617211318313,0.0501695929303881,0.0581071293786932,-0.0664377326451802,-0.193714973102766,-0.0862243147413844,-0.180795513582777,-0.12368648890441,0.0999204676167364,-0.0147459683303867,-0.0170393832212863,0.00551372776312402
"D06B1",0.0325962938066827,-0.109202961114155,0.0761271892717817,0.0902172967992841,0.06998111206334,-0.0280636528678503,0.0262861882272419,0.027717942585543,-0.123322244043186,-0.0835612105962985,0.0678023304109517,2.53844427016285e-05,-0.114907014568834,-0.116913682357808,-0.0874354800579254,-0.0960843332916156,0.0814054683002453,-0.00883030667651077,0.111831864739808
"D06B2",-0.023240720006894,-0.125092710250149,-0.0243897317435688,-0.0869822058592422,-0.0647342316247548,0.0259065845134313,0.0464883559012656,-0.0499586000135223,0.0498116307612098,0.0705641038779644,-0.0723840622828706,0.0374951295306719,-0.0887735469145661,-0.0950980730745459,-0.0948950886032025,0.0434775284770597,0.206803614019879,0.0103994002669189,-0.0338559791576941
"D06B3",0.0722732542382644,0.149578364453952,-0.113577121755199,-0.015315443520502,0.0131417260739511,-0.14125583349318,0.0738585595252925,-0.0144342821835774,0.0583166895096496,0.118682366686552,0.0579501042669053,-0.086714215333358,-0.116866344541313,-0.100804581835183,-0.185361792234852,-0.021416518164382,-0.0613456081316031,-0.0598147391365583,-0.0348176739984052
"D06B4",0.0441199878219554,0.106434775384178,-0.0735149375898716,-0.00241890024474446,0.00732751874097943,-0.10859134904238,0.139014949766874,-0.0374442694421907,0.0432640354102777,0.136263401124913,-0.075137116180428,-0.0299713310788852,-0.105705167123432,-0.104486249491982,-0.144654874001723,-0.0757210128840697,-0.0367744597996367,-0.0172089401172666,0.192172800922291
"D06B5",0.157513354538558,0.179927299375122,0.0747635921121902,0.180999178504193,0.149080007242367,-0.0239107909452959,0.0298015197739595,-0.208637954563757,-0.110573146990627,-0.0233725804558361,-0.110846696353339,-0.0973153175813887,-0.154372410516587,-0.14977139991719,-0.124186160294115,-0.0133939491460257,0.0223296910379387,-0.0285073586810363,-0.0322405942727046
"D06B6",-0.0313704227254749,-0.123216296570408,0.110704340375943,0.0847389488266684,0.117756139615522,-0.0794317142583152,0.0178098008716318,0.000907215846934393,-0.0198145876131917,-0.0761183060182231,0.168136042839414,0.0428412249653988,-0.107237780682065,-0.0837314268915311,-0.0159665472301223,-0.0657291621687986,0.00189677348447112,0.0403685690608457,0.00462620285099645
"D07B1",0.15010857869075,0.100527823784757,0.0516516896175445,0.160015756499194,0.104445526994236,0.123376595191982,0.163719343078864,-0.0778923753987285,-0.106536631829317,0.076510555828709,-0.134310935281646,-0.0831572609300037,-0.148608513819153,-0.0847450485720034,-0.112235323753459,0.0164853852812508,0.0100547694075782,-0.0405174950218083,-0.0395694344127371
"D07B2",-0.151940654793658,-0.12544943846398,-0.0214199067379447,-0.10734666658597,-0.00227312725689752,-0.220411870835004,-0.0276950386344299,0.273763389069949,0.211666919075802,0.0888690281798211,0.0133338642431473,0.0253894456004662,-0.0442619645492546,-0.122822077765167,-0.132895948839919,0.00610432538837871,0.081963972126463,0.0362246965769881,0.128605750714965
"D07B3",-0.163078245856301,-0.11196820318511,-0.00896194202335333,-0.113585495696766,0.000931510094012316,-0.212852426604329,-0.0181807793846238,0.172396475994775,0.205556884427692,0.0950971315459213,0.0268815374330032,0.0413677786591405,-0.0399915896619372,-0.120012264199379,-0.134033729725879,0.0101731881700836,-0.00580168533132055,0.0100962904117743,0.0303099226409304
"D07B4",-0.0356177766344366,-0.0336154940227762,0.0194999101771011,0.130695484246005,0.163303310403051,-0.122902010975304,-0.0110461625655864,-0.021298369961305,-0.0448215083375795,-0.0648961460286069,-0.110129753054553,0.30821362236498,-0.0963904943579886,-0.0143654273281095,0.00404637161500693,-0.0901527554809606,-0.0230950399252438,0.141214070181313,0.0202683049509071
"D07B5",0.00622484848414795,0.01279387228323,-0.0169962484407736,0.0637765452751295,0.0770601046744305,-0.115710347349639,0.0104122459088618,0.0454479240711702,0.0135018391055233,0.0252847945108328,-0.150648396314901,-0.136606663401319,-0.120989785784323,-0.16226858025285,-0.139606105854711,0.195786435237113,-0.00108361780269994,0.00493166446099731,-0.0409092475191965
"D07B6",0.0625245511245343,-0.0152682964924878,0.0864670835579336,0.142661439399729,0.154328059084722,-0.0706596346306384,0.0670393943561345,-0.0507246461337252,-0.114230735697095,-0.0880455003696361,0.0479635773147737,0.0569899422424548,-0.166787961407254,-0.078636916793847,-0.0435135341679102,-0.0751361129515452,-0.0328825887920217,0.018552195255875,0.00817483912471907
"D08B1",-0.130219625462066,-0.104397674764743,-0.0152935365100311,-0.0798850665932263,0.0377051726583019,-0.072126034827776,0.0774922883123007,0.05878680729775,0.124564335674249,0.102352025707566,0.165594280330622,0.117316286302406,-0.0608103142200485,-0.017044578528367,-0.100103628024615,0.00737529312556884,-0.0509820539206271,0.0104525414683685,0.409744219691545
"D08B2",-0.0411951149508172,-0.127545497121798,0.102011462839681,0.0714138776199062,0.0981297039289672,-0.064552110765749,0.0962056392976248,0.0486653356957075,-0.0607487914758917,-0.036624171939289,0.160658315366287,-0.0011737320697948,-0.134209454144304,-0.0886675103839311,-0.0796853479846938,0.026774209994904,0.0331025364138608,-0.0215671860431883,0.0765250923614685
"D08B3",-0.0849394249784509,-0.0496153328662729,-0.0415234857535252,-0.043124511733487,0.0720773834105231,-0.0164944731210177,0.11223516402944,0.00312593685172445,0.120858608686737,0.141714440729945,-0.00637437980611898,-0.0322912035817856,-0.0823047293285016,-0.109508172321731,-0.133846212767315,-0.0206817368250853,-0.0338565550499405,-0.0091637499686522,-0.0176453207192797
"D08B4",0.0833159005316156,0.021918226275428,0.0736287456047929,0.118818173562947,0.111662287146485,0.0401038214977544,0.151362131844115,-0.0997187324004142,-0.0964269546790061,0.0464060452221049,-0.146655369283475,-0.00987220639920274,-0.14713747600248,-0.105919879271673,-0.113815006135348,-0.0254977329558738,-0.0199835529289595,-0.0277559418485187,0.0112562675310113
"D08B5",0.0439366268274516,0.0585672059066593,-0.0830720466572898,-0.019090268235298,0.0345740485794643,-0.0476546912224215,0.118463444826642,0.0725374824714534,0.075296321663268,0.136707045060626,0.0445458482180127,-0.0750553201976876,-0.0796915020040154,-0.13346726211298,-0.17757364980452,-0.0427105324450522,-0.049014324987583,-0.0476138411727677,-0.0133613506498554
"D08B6",0.249083287801262,0.183977927526747,0.0402006451320282,0.149875059963385,0.11698874770279,0.176374331200019,0.188787189981082,-0.175940205867174,-0.118965088708784,0.0857089933473821,-0.124983263712596,-0.037475162266744,-0.16458352355879,-0.0860193492543326,-0.121813885436124,0.0314718626453068,-0.00425338206860473,-0.0286779931558196,-0.0329561501391295
"D09B1",0.0244900074668386,0.0864856692422705,-0.0679738810527145,0.029620095871991,0.000467710238304431,-0.00111095038480019,0.0156443938412526,0.037469405592565,-0.0402559551424369,-0.000407127931605631,-0.0706673388880513,-0.099116890139617,0.0562145541161792,0.0257391838688571,0.0242169104945746,-0.148427679366583,-0.0460015851067081,-0.0502826325943135,0.124173357684267
"D09B2",-0.082457086459084,-0.00702855221197931,-0.118354048727005,-0.0604746581179541,-0.0294835151503113,-0.00354319426164544,0.0143680914098628,0.0631701405259523,0.0572930791846933,0.0649922335272257,-0.047365378371322,0.00105278381105698,0.0794299554405445,0.0724953981984154,0.0005572830647118,-0.0400997856820131,-0.0761268618478628,-0.0685365673419207,-0.072954133246828
"D09B3",0.0307085512771182,0.0372812299384968,-0.097439487465262,-0.0225557114807062,-0.0232630666584932,-0.0321846467677056,0.00639663445376036,-0.00742715192418971,0.0204339839436462,0.046902508782353,0.0401531065855359,0.0166247014721423,-0.0139750001804394,-0.0244881476713512,-0.0598304757414678,-0.000203566540505116,-0.0499598492074871,0.0760661781076458,-0.0754922526294691
"D09B4",-0.076417549674691,-0.0328642276092182,-0.0508050044180645,-0.0868365832850894,-0.0236714406821018,-0.00492241649610406,0.0600562180044793,-0.0284577822376797,0.101146609803929,0.106170198806989,0.00270525189666865,-0.0675643775966181,0.0567284888091636,-0.0357304845919039,-0.0309320969539758,0.121224257183966,-0.0128081156024195,-0.0322745090092092,0.0233848609157128
"D09B5",-0.0633178139553434,-0.0388483341819824,-0.0626066077467124,-0.128495686672205,-0.164145170207813,-0.0204468668421946,-0.0435850819071137,-0.0408338392572823,0.0588069110851042,0.0362704849927096,0.000293322980511975,0.0341905213967271,0.141928879136267,0.0991301987692259,0.112980064587254,0.0894454958430411,0.0145648679615544,0.0370735143858767,0.02597308525524
"D09B6",0.0261282976175025,0.064028090562679,-0.096690028463701,-0.00176762960594568,0.0192793426006889,0.0597632044053332,0.052832778228066,-0.00561993157827647,-0.00568457839155176,0.0659568832008049,-0.00231894766161144,-0.0140093579301572,-0.000959788628383023,0.017624564269422,-0.0691200578643011,0.13012351700701,-0.0814759960427753,-0.0680153165351697,-0.0569612861197074
"D10B1",0.0744261011132504,-0.0684903224529998,0.0770684248836231,0.068113750869221,-0.0118253404116864,0.10017343010234,0.0448232437762953,-0.0352286951811889,-0.106021780628988,-0.0643451442540278,0.135888669865125,0.0257184389590165,-0.00880705390084936,0.122582375474491,0.106444742853734,0.0515851649287387,-0.014485224868475,-0.0358206041585637,0.0502765396833099
"D10B2",0.0154178569807416,0.129664510929021,-0.0461942321896671,0.0660709650829063,0.165550567914094,0.0907195173812201,0.179144645124475,-0.103852788327274,-0.0455128011431308,0.0846202115493335,-0.0938989773840476,0.0136172601963903,-0.070711802812862,0.0583751466113649,-0.0583605551107476,0.0194078948833378,-0.0259612798068153,-0.0338368024965305,0.0691924104816363
"D10B3",0.0320033783918628,-0.0286137420786376,0.0997168850883049,0.119877490176497,0.113527234145727,-0.0777470769571353,-0.0696183821088197,-0.0954909286885834,-0.128423680192743,-0.170114644689642,0.0820335687364899,0.0196664140338786,-0.0603589352863142,0.0374834544181542,0.0989973251299361,-0.0300725348672265,-0.0114521766647957,-0.00512073625416499,-0.0380496533917995
"D10B4",-0.157719186585242,-0.134217503809509,-0.0573997595247511,-0.0948158128975651,-0.112845214475936,-0.0517693609078053,-0.0309580792079947,-0.0282858014139415,0.0575338818341077,0.0331924591411383,-0.0380511755872597,0.0415970006416132,0.0922777499695598,0.0688535206299652,0.0601764990238876,-0.0977708300703962,0.0237124681813399,0.0601738784616327,0.0397342598522122
"D10B5",0.000638822401667772,0.0407474774917017,-0.0819112241236477,-0.0201768195978266,0.0888119483731101,-0.0128278084602277,0.128268013147009,-0.0373997137128654,0.06206494214062,0.139914988063258,0.0126592874516378,-0.042512237250055,-0.0138716480470333,-0.0430189094185935,-0.0678989356249061,-0.0100384079916951,-0.0310784893935886,-0.0350449309501127,-0.0262706885997134
"D10B6",0.00474882000596631,-0.0743342599085644,0.0976080171630203,0.110689319238438,0.0835928612665379,-0.0527560179634618,-0.0405602992814192,-0.0361465005459398,-0.11296279197647,-0.137682566979734,0.0809297202816144,0.0238240588433518,-0.0156936348709096,0.0667959665795875,0.122422805886241,-0.0352165685844782,-0.0085622639486601,-0.0146578349708057,-0.0300784040765477
"D11B1",0.0446428930838003,0.00676628768068141,0.0843002096497117,0.102902554494433,0.046594989818387,0.048586613905435,-0.0271298025917166,-0.127165904142826,-0.090548340244385,-0.0577877618246853,-0.0893805504564846,0.177088651126133,0.00632516997522215,0.13042058184258,0.0868551693405163,-0.0218451470099163,-0.0102083506142208,0.00987170170915402,-0.0555418993814464
"D11B2",-0.066321292502862,-0.00655758983698166,-0.0938582540796139,-0.021196338924415,-0.0173715066141407,0.032932224666315,0.0854247529394971,-0.0115144949959952,0.0205005874969307,0.0999821845411032,-0.0821106126618988,-0.0265403382147084,0.085424028535563,0.102078858566436,0.0596050325870372,-0.121450711388208,-0.0823802962464257,-0.0472881715055121,0.00351855602606015
"D11B3",-0.0456822101426253,-0.0136873370710673,-0.068338882278714,0.00365115624852886,0.0740844009003898,-0.078717150601038,-0.00578470372973322,0.0891632936365754,0.0365683352619401,0.0183299466076316,-0.0717189044194893,-0.0111202127169103,0.00896556674252873,0.00393963143818711,-0.01982053608973,0.0624313259223676,-0.0649835389127286,-0.0255663068646449,-0.00247420388713731
"D11B4",0.111109847438579,0.079719249132138,0.0719186234396074,0.123355969217526,0.0613040783573643,0.146608216680618,0.0725458731655935,-0.0537195064500169,-0.0550211648506377,0.0424811400829684,-0.127925057258147,-0.131243464437215,-0.0980850218524332,-0.121753510285619,-0.118886047456634,-0.0935738827487997,-0.0214990221529785,-0.0622686906338668,-0.0771354758885639
"D11B5",0.0499458873352691,0.00788487704412162,0.0105108742794811,0.00929635699538415,-0.0256785190225033,0.0549470087363266,0.00854685807971597,-0.0367261676643473,0.00275441586134702,0.0182999590014143,0.032862938972773,-0.1608859063892,0.028410614249489,-0.118930314566032,-0.0237487047529735,-0.0711313714686222,-0.048826925633396,-0.0603777383653388,0.011582164392325
"D11B6",-0.0343543862323088,0.00249828513155032,0.0239421368341,0.0364831546255168,0.0208806863382089,0.07935138600126,0.0342509010797012,-0.0789627551724494,-0.0126677425129023,0.0158437043539652,-0.113835256518782,-0.0173131841962397,0.0293026421255878,0.0235682065845403,0.0685143326315717,0.00201071178489991,-0.0573240158745983,-0.0329108822925206,0.11796872860658
"D12B1",-0.073799909075749,-0.0735435206537709,0.00513615092639537,-0.100787049994096,-0.132731241026808,0.0244480351647849,-0.0900801342112501,0.0250620053416728,0.0228938881304615,-0.0527339596377934,-0.0428338525605131,-0.0591671513756182,0.0481282598048825,0.00330002196270671,0.06901085909489,-0.0185622918535523,0.267508792583299,-0.00631279168291671,0.0720789775423308
"D12B2",-0.0693429114672608,-0.0325771315537485,-0.0423989419623886,-0.0463521881210819,0.00874330793703902,-0.0671281308983848,-0.0639629433098112,-0.040380587506513,0.038256884818207,-0.00917166360061133,-0.0421153682791001,0.00837948825275476,0.053677244617541,0.0601447305442195,0.0410779333997632,0.271374653023819,0.0557981617081062,-0.0236513210541661,-0.0784148828482155
"D12B3",-0.00946022724359606,0.0331569837284819,-0.0928438098051506,-0.015569770311287,-0.00495916282377518,0.0225422099949804,-0.0543599191055475,-0.151946051954717,0.0157047504321458,-0.0207269716020733,0.0796062126169726,0.0495991823098089,0.0488969190526335,0.10008898040721,0.0557385264731381,-0.0182738796187904,-0.0746920476974665,-0.0393086779962534,-0.075149351558879
"D12B4",0.0155152980494442,0.0380916242061161,-0.0962988492146065,-0.0699509831825559,-0.0691867743253538,-0.0523313217604378,-0.0573007966970832,0.11634726646408,0.0760389668722183,0.0415269167046165,0.0798037875093404,-0.015038982234155,0.0970251129805061,0.0771008653870489,-0.0151149801650176,0.0512434038524122,-0.055410590233935,-0.0442936416084597,-0.118323969953637
"D12B5",0.0950550651848286,0.0851547997436877,0.0185284425154187,0.10566111378642,0.0282771711595398,0.0564048192693339,0.0897225329680752,-0.152603055267932,-0.0779809019756541,0.0155273096244002,-0.101523851175621,0.227576544532197,-0.0732041675442375,0.0240391056731563,-0.0337708725734559,-0.121378252803609,-0.0231508380230417,0.00967727465219013,-0.0676388650802165
"D12B6",-0.0783737751873006,0.0408421599735425,-0.110746889145159,-0.0712835431495501,-0.0292811642283268,-0.0916559530768579,-0.0996193547108646,-0.00140436113162761,0.0504891786295624,-0.00905799954550261,-0.0071087776052409,0.0839357658424627,0.0962619670191883,0.0895895809321608,0.0419837491434597,0.0636895362082908,-0.0741441918770926,0.010007976474448,0.0144862317175876
