"gene","module","degree","betweenness","closeness"
"Dapma7bEVm012887","MEblue",163,0.000667766129491139,2.82051023839923
"Dapma7bEVm014952","MEblue",237,0.000634848080854252,3.39838831862946
"Dapma7bEVm009069","MEblue",144,0.000548790896560675,2.67176118910594
"Dapma7bEVm025747","MEblue",165,0.000386316813645754,2.80875217060209
"Dapma7bEVm013613","MEblue",224,0.000380438590674881,3.25884830421679
"Dapma7bEVm020597","MEblue",185,0.000343758479336635,2.99398006452342
"Dapma7bEVm030545","MEblue",201,0.000328945357450036,3.11533207242488
"Dapma7bEVm030581","MEblue",120,0.000297202953407324,2.52286204538266
"Dapma7bEVm015752","MEblue",161,0.000287797796653927,2.78179479411301
"Dapma7bEVm011148","MEblue",182,0.000252763587747526,2.96271434179856
"Dapma7bEVm012926","MEblue",174,0.000185751845879577,2.90042317277897
"Dapma7bEVm029524","MEblue",213,0.000182930298853558,3.22344176276946
"Dapma7bEVm024912","MEblue",215,0.000175406173450841,3.10436345295082
"Dapma7bEVm021233","MEblue",67,0.000147190703190652,2.23104962147864
"Dapma7bEVm028863","MEblue",152,0.000137785546437256,2.69208269979017
"Dapma7bEVm009961","MEblue",236,0.000134963999411237,3.27590177625517
"Dapma7bEVm022458","MEblue",171,0.000112861881040756,2.84161478443142
"Dapma7bEVm024699","MEblue",188,0.000112626752121921,2.97397169393367
"Dapma7bEVm009243","MEblue",168,0.000105337755638039,2.82049152660408
"Dapma7bEVm025271","MEblue",218,9.99297905048359e-05,3.15439932998991
"Dapma7bEVm009088","MEblue",213,8.48815396994018e-05,3.13821046610652
"Dapma7bEVm018676","MEblue",94,7.26548359199866e-05,2.35731225817468
"Dapma7bEVm020523","MEblue",81,6.01930032217364e-05,2.28097131956426
"Dapma7bEVm013879","MEblue",184,5.59606826827081e-05,2.89989737661447
"Dapma7bEVm022443","MEblue",69,4.46744945786325e-05,2.24046581062424
"Dapma7bEVm018570","MEblue",85,4.23232053902834e-05,2.32512053111291
"Dapma7bEVm029454","MEblue",50,3.64449824194107e-05,2.16657955192814
"Dapma7bEVm013460","MEblue",55,3.50342089064013e-05,2.18710084996719
"Dapma7bEVm026583","MEblue",183,3.26829197180522e-05,2.9237350126703
"Dapma7bEVm018462","MEblue",55,3.22126618803824e-05,2.14199134899094
"Dapma7bEVm020831","MEblue",56,2.16318605328115e-05,2.16202788761322
"Dapma7bEVm022450","MEblue",57,1.97508291821323e-05,2.1755042206291
"Dapma7bEVm017322","MEblue",63,1.71644110749483e-05,2.19413214428417
"Dapma7bEVm018433","MEblue",68,1.69292821561134e-05,2.21217580416099
"Dapma7bEVm020798","MEblue",63,4.70257837669816e-06,2.18837894315037
"Dapma7bEVm012315","MEblue",37,4.23232053902834e-06,2.08889844586996
"Dapma7bEVm021873","MEblue",64,3.99719162019344e-06,2.19552580179662
"Dapma7bEVm023681","MEblue",34,3.52693378252362e-06,2.05076466447868
"Dapma7bEVm026936","MEblue",39,3.29180486368871e-06,2.09329007684427
"Dapma7bEVm027277","MEblue",27,3.29180486368871e-06,2.02501731023132
"Dapma7bEVm018432","MEblue",35,1.41077351300945e-06,2.05348235033117
"Dapma7bEVm004829","MEblue",31,9.40515675339632e-07,2.07260796567857
"Dapma7bEVm008943","MEblue",36,4.70257837669816e-07,2.07916640683816
"Dapma7bEVm011873","MEblue",36,4.70257837669816e-07,2.06325725021101
"Dapma7bEVm012863","MEblue",27,2.35128918834908e-07,2.03568091725258
"Dapma7bEVm013153","MEblue",28,2.35128918834908e-07,2.05582754741785
"Dapma7bEVm017275","MEblue",28,2.35128918834908e-07,2.05178506505688
"Dapma7bEVm021583","MEblue",27,2.35128918834908e-07,2.03532052170733
"Dapma7bEVm024859","MEblue",35,2.35128918834908e-07,2.05580940348472
"Dapma7bEVm025294","MEblue",33,2.35128918834908e-07,2.04732858266772
"Dapma7bEVm001459","MEblue",21,0,2.02952870827009
"Dapma7bEVm001699","MEblue",23,0,2.04408609725473
"Dapma7bEVm003453","MEblue",26,0,2.0202571010592
"Dapma7bEVm004914","MEblue",26,0,2.04611776780147
"Dapma7bEVm005377","MEblue",20,0,2.01640392859213
"Dapma7bEVm006520","MEblue",25,0,2.04578904345331
"Dapma7bEVm006626","MEblue",35,0,2.05707728908374
"Dapma7bEVm007260","MEblue",28,0,2.05525418745856
"Dapma7bEVm007321","MEblue",20,0,2.03635037304208
"Dapma7bEVm007617","MEblue",20,0,2.03124945971368
"Dapma7bEVm007771","MEblue",21,0,1.99487811870882
"Dapma7bEVm007824","MEblue",21,0,2.02084611096017
"Dapma7bEVm007888","MEblue",20,0,2.02666920027653
"Dapma7bEVm007901","MEblue",22,0,2.0330912164187
"Dapma7bEVm008425","MEblue",24,0,2.02343542314296
"Dapma7bEVm008532","MEblue",23,0,2.02309958038622
"Dapma7bEVm008924","MEblue",34,0,2.05200858490115
"Dapma7bEVm009084","MEblue",27,0,2.03806859528573
"Dapma7bEVm009197","MEblue",22,0,2.02203692424293
"Dapma7bEVm010783","MEblue",20,0,2.00428968802193
"Dapma7bEVm011113","MEblue",26,0,2.03686369156345
"Dapma7bEVm011694","MEblue",21,0,2.03031721544017
"Dapma7bEVm012220","MEblue",21,0,2.02236864323183
"Dapma7bEVm012455","MEblue",22,0,2.01943155468178
"Dapma7bEVm012808","MEblue",33,0,2.04174079273339
"Dapma7bEVm012855","MEblue",22,0,2.03399655065399
"Dapma7bEVm012893","MEblue",21,0,2.00650604904822
"Dapma7bEVm013038","MEblue",33,0,2.03887733520463
"Dapma7bEVm013393","MEblue",22,0,2.01853387055856
"Dapma7bEVm013409","MEblue",23,0,2.00726246626141
"Dapma7bEVm014480","MEblue",23,0,2.02457795771495
"Dapma7bEVm014732","MEblue",29,0,2.06094125524907
"Dapma7bEVm014974","MEblue",21,0,2.03269856461332
"Dapma7bEVm015505","MEblue",21,0,2.01272376203462
"Dapma7bEVm015520","MEblue",29,0,2.05574739539669
"Dapma7bEVm015682","MEblue",21,0,1.9861565217167
"Dapma7bEVm015781","MEblue",30,0,2.06883612506386
"Dapma7bEVm015796","MEblue",32,0,2.05963734103044
"Dapma7bEVm015993","MEblue",24,0,2.03461405462915
"Dapma7bEVm016204","MEblue",21,0,2.01632981388391
"Dapma7bEVm016208","MEblue",33,0,2.0586156019222
"Dapma7bEVm016574","MEblue",20,0,2.02845294609871
"Dapma7bEVm017241","MEblue",21,0,2.04171935020778
"Dapma7bEVm017704","MEblue",21,0,2.03108716553199
"Dapma7bEVm018758","MEblue",32,0,2.05092802447213
"Dapma7bEVm018768","MEblue",28,0,2.05711934154075
"Dapma7bEVm018911","MEblue",25,0,2.03072148987067
"Dapma7bEVm018925","MEblue",25,0,2.03295645533375
"Dapma7bEVm018962","MEblue",31,0,2.04273340628083
"Dapma7bEVm018974","MEblue",20,0,1.99713795865918
"Dapma7bEVm019023","MEblue",25,0,2.04863852453157
"Dapma7bEVm019086","MEblue",24,0,2.02741112152614
"Dapma7bEVm019186","MEblue",20,0,2.01758548915021
"Dapma7bEVm019839","MEblue",20,0,2.00597955740693
"Dapma7bEVm020017","MEblue",22,0,1.98435583694324
"Dapma7bEVm020096","MEblue",22,0,2.03345477064357
"Dapma7bEVm020580","MEblue",24,0,2.03322231098731
"Dapma7bEVm020797","MEblue",33,0,2.05138345231923
"Dapma7bEVm020818","MEblue",30,0,2.07159734029313
"Dapma7bEVm021656","MEblue",21,0,1.98954515230491
"Dapma7bEVm021992","MEblue",27,0,2.069601256694
"Dapma7bEVm022364","MEblue",21,0,2.02488933836569
"Dapma7bEVm022421","MEblue",24,0,2.02197353450351
"Dapma7bEVm022916","MEblue",33,0,2.04573931630014
"Dapma7bEVm023386","MEblue",27,0,2.05324976496151
"Dapma7bEVm023616","MEblue",23,0,2.03666469709243
"Dapma7bEVm023655","MEblue",23,0,2.04179778171906
"Dapma7bEVm023772","MEblue",22,0,2.00581227437291
"Dapma7bEVm023928","MEblue",28,0,2.02787788962475
"Dapma7bEVm024115","MEblue",20,0,2.01997194603897
"Dapma7bEVm024158","MEblue",22,0,2.03228189544494
"Dapma7bEVm024325","MEblue",20,0,2.02232792157611
"Dapma7bEVm024518","MEblue",23,0,2.01494447198686
"Dapma7bEVm025139","MEblue",24,0,2.02988837508141
"Dapma7bEVm025163","MEblue",23,0,2.00866626286091
"Dapma7bEVm025445","MEblue",32,0,2.06500453460908
"Dapma7bEVm025469","MEblue",22,0,2.00275060787029
"Dapma7bEVm025493","MEblue",21,0,2.007781133701
"Dapma7bEVm025828","MEblue",23,0,2.02682966582984
"Dapma7bEVm025892","MEblue",22,0,2.02842385618261
"Dapma7bEVm026112","MEblue",30,0,2.04219741445635
"Dapma7bEVm026251","MEblue",20,0,2.02495151467799
"Dapma7bEVm026591","MEblue",28,0,2.05111562003412
"Dapma7bEVm026646","MEblue",25,0,2.01362623111175
"Dapma7bEVm027668","MEblue",27,0,2.05471852606536
"Dapma7bEVm027731","MEblue",20,0,2.03579467959477
"Dapma7bEVm027863","MEblue",28,0,2.02868652575626
"Dapma7bEVm028135","MEblue",26,0,2.04749229288298
"Dapma7bEVm029047","MEblue",23,0,2.01732600134116
"Dapma7bEVm029282","MEblue",35,0,2.06050968245296
"Dapma7bEVm029397","MEblue",27,0,2.0373771435388
"Dapma7bEVm029409","MEblue",22,0,2.01985565285203
"Dapma7bEVm029439","MEblue",23,0,2.04116379391263
"Dapma7bEVm030095","MEblue",22,0,2.02860634632241
"Dapma7bEVm030257","MEblue",20,0,2.00237295903469
"Dapma7bEVm030488","MEblue",21,0,2.03798635481714
"Dapma7bEVm026257","MEbrown",865,0.00321430092125778,3.04463219334694
"Dapma7bEVm027498","MEbrown",747,0.002054990395449,2.83694685882776
"Dapma7bEVm013004","MEbrown",734,0.00162013570486171,2.84126044646412
"Dapma7bEVm029536","MEbrown",882,0.00159386323397206,3.06981588167464
"Dapma7bEVm025840","MEbrown",837,0.00153044692492808,2.91694419360474
"Dapma7bEVm030484","MEbrown",685,0.00146672863346008,2.74048278792902
"Dapma7bEVm016933","MEbrown",619,0.00136496055656569,2.67792679618586
"Dapma7bEVm027936","MEbrown",618,0.00136314866202157,2.60137182247984
"Dapma7bEVm018857","MEbrown",808,0.0012233307997008,2.93756687019509
"Dapma7bEVm013172","MEbrown",781,0.00121457330940425,2.90319308226385
"Dapma7bEVm023977","MEbrown",786,0.0010608642555786,2.91054856937594
"Dapma7bEVm015840","MEbrown",894,0.00100741336652724,3.05227700623518
"Dapma7bEVm007192","MEbrown",893,0.000951244635659715,3.04778457968326
"Dapma7bEVm019838","MEbrown",761,0.000926482076890161,2.86277248214648
"Dapma7bEVm028718","MEbrown",736,0.000915610709625478,2.83823659101987
"Dapma7bEVm013518","MEbrown",672,0.000875749029654976,2.70138012953592
"Dapma7bEVm020253","MEbrown",686,0.000872729205414786,2.71764615648089
"Dapma7bEVm029293","MEbrown",578,0.000865481627238331,2.65309555182219
"Dapma7bEVm025007","MEbrown",551,0.000813238667883052,2.52202161771328
"Dapma7bEVm016194","MEbrown",875,0.000799045493954161,3.01529378053565
"Dapma7bEVm025018","MEbrown",633,0.000793005845473782,2.63702928305434
"Dapma7bEVm010736","MEbrown",712,0.000788174126689478,2.77152711777212
"Dapma7bEVm003423","MEbrown",792,0.000747708481870938,2.87085207375294
"Dapma7bEVm013498","MEbrown",691,0.000734723237638123,2.79660088585446
"Dapma7bEVm012305","MEbrown",871,0.000722945923101384,3.04920566110257
"Dapma7bEVm013451","MEbrown",742,0.000714792397652872,2.84731648361711
"Dapma7bEVm027487","MEbrown",824,0.000714490415228853,2.97357872636948
"Dapma7bEVm027024","MEbrown",773,0.000684896137674995,2.88823271985799
"Dapma7bEVm015542","MEbrown",792,0.000678856489194616,2.89260734968129
"Dapma7bEVm022023","MEbrown",876,0.000669193051626009,3.03171146780547
"Dapma7bEVm018527","MEbrown",583,0.000623895688023166,2.62040558788331
"Dapma7bEVm014200","MEbrown",580,0.000606984672278104,2.64859720545862
"Dapma7bEVm014823","MEbrown",649,0.000587657797140891,2.7220746647088
"Dapma7bEVm023273","MEbrown",706,0.00058222211350855,2.75176427212339
"Dapma7bEVm022278","MEbrown",882,0.000573162640787981,3.05925557400006
"Dapma7bEVm023551","MEbrown",612,0.000564103168067412,2.68444070191781
"Dapma7bEVm013207","MEbrown",653,0.000563801185643393,2.75342661342662
"Dapma7bEVm025870","MEbrown",750,0.000551419906258616,2.84326130827776
"Dapma7bEVm012059","MEbrown",745,0.000544172328082161,2.87364246193089
"Dapma7bEVm009519","MEbrown",793,0.000539944574145896,2.90920298777028
"Dapma7bEVm026532","MEbrown",587,0.000531791048697384,2.66185389520659
"Dapma7bEVm015600","MEbrown",831,0.000518201839616531,2.94996643528826
"Dapma7bEVm021442","MEbrown",543,0.000516993909920455,2.61464234164545
"Dapma7bEVm029553","MEbrown",647,0.000503404700839602,2.66433276959191
"Dapma7bEVm015740","MEbrown",692,0.000500082894175393,2.77900417415082
"Dapma7bEVm023846","MEbrown",850,0.00048951350933473,3.00244062017987
"Dapma7bEVm009499","MEbrown",594,0.000482869896006313,2.67301660914181
"Dapma7bEVm022407","MEbrown",560,0.000479850071766123,2.57457444763728
"Dapma7bEVm015286","MEbrown",604,0.000472300511165649,2.65641509015954
"Dapma7bEVm016345","MEbrown",891,0.00047199852874163,3.07430314288179
"Dapma7bEVm021081","MEbrown",697,0.000462335091173024,2.77010701612234
"Dapma7bEVm016624","MEbrown",584,0.000459013284508815,2.55060384222331
"Dapma7bEVm021615","MEbrown",765,0.000453577600876474,2.87741039360741
"Dapma7bEVm027357","MEbrown",788,0.000452369671180398,2.90958992682041
"Dapma7bEVm022897","MEbrown",665,0.000451463723908341,2.68083566770555
"Dapma7bEVm030079","MEbrown",853,0.000451463723908341,2.99199912287359
"Dapma7bEVm016476","MEbrown",796,0.000445122093003943,2.91826788704357
"Dapma7bEVm017678","MEbrown",654,0.000443914163307867,2.75604117785126
"Dapma7bEVm018493","MEbrown",839,0.000439686409371602,2.94874611733784
"Dapma7bEVm012215","MEbrown",745,0.000436666585131412,2.82487486274189
"Dapma7bEVm030250","MEbrown",620,0.000420963499082426,2.62431306619281
"Dapma7bEVm014899","MEbrown",806,0.000418849622114294,2.94799365054792
"Dapma7bEVm026770","MEbrown",572,0.000409488166969706,2.64938602675251
"Dapma7bEVm030291","MEbrown",880,0.000408884202121668,3.04708579148658
"Dapma7bEVm013251","MEbrown",686,0.000403448518489327,2.7812241158634
"Dapma7bEVm024815","MEbrown",901,0.000402240588793251,3.06387237092046
"Dapma7bEVm030360","MEbrown",624,0.000398012834856986,2.61044344194867
"Dapma7bEVm022673","MEbrown",806,0.000387745432440341,2.93547262390842
"Dapma7bEVm016998","MEbrown",541,0.000386537502744265,2.61564594073354
"Dapma7bEVm014146","MEbrown",729,0.000381705783959962,2.80644481822225
"Dapma7bEVm024523","MEbrown",667,0.000380497854263886,2.72879420294643
"Dapma7bEVm024410","MEbrown",697,0.000369324504575185,2.73519189057584
"Dapma7bEVm030585","MEbrown",638,0.000359359084582559,2.70098655634526
"Dapma7bEVm030241","MEbrown",876,0.000349091682165915,3.03632107239675
"Dapma7bEVm023528","MEbrown",713,0.000346977805197782,2.80010595321697
"Dapma7bEVm016565","MEbrown",803,0.000343354016109554,2.92643201341314
"Dapma7bEVm021138","MEbrown",664,0.000342448068837498,2.74532463585235
"Dapma7bEVm020400","MEbrown",743,0.000339730227021327,2.86028618812614
"Dapma7bEVm012065","MEbrown",547,0.000337314367629175,2.51673563555321
"Dapma7bEVm018653","MEbrown",656,0.000327650930060569,2.75070389445807
"Dapma7bEVm025761","MEbrown",601,0.00032734894763655,2.62680145926265
"Dapma7bEVm014244","MEbrown",679,0.000325537053092436,2.76835349591881
"Dapma7bEVm014429","MEbrown",848,0.000310437931891488,2.99714978105315
"Dapma7bEVm025976","MEbrown",619,0.000306512160379242,2.67995348340286
"Dapma7bEVm011888","MEbrown",557,0.000303794318563071,2.6346123437545
"Dapma7bEVm012710","MEbrown",588,0.000285977355545953,2.55682582792858
"Dapma7bEVm029253","MEbrown",685,0.000283561496153801,2.76935044654178
"Dapma7bEVm017147","MEbrown",886,0.000281749601609687,3.07063275629604
"Dapma7bEVm011266","MEbrown",657,0.000281145636761649,2.70408447225971
"Dapma7bEVm012681","MEbrown",804,0.000280239689489592,2.93248349105799
"Dapma7bEVm027746","MEbrown",784,0.000268160392528834,2.90667872348066
"Dapma7bEVm012199","MEbrown",564,0.000267556427680796,2.61206907426259
"Dapma7bEVm020668","MEbrown",801,0.000263026691320512,2.93064373209178
"Dapma7bEVm015888","MEbrown",738,0.000259100919808265,2.80821142813863
"Dapma7bEVm009427","MEbrown",783,0.000249739464663678,2.89706827162048
"Dapma7bEVm012382","MEbrown",542,0.000247927570119564,2.5835262163543
"Dapma7bEVm015802","MEbrown",851,0.00024611567557545,3.00112947119885
"Dapma7bEVm030367","MEbrown",545,0.000244907745879374,2.51516470921034
"Dapma7bEVm016013","MEbrown",711,0.000238264132550957,2.75885804922173
"Dapma7bEVm030634","MEbrown",672,0.000237056202854881,2.72660991169282
"Dapma7bEVm019036","MEbrown",559,0.000231922501646559,2.56743357229911
"Dapma7bEVm030330","MEbrown",730,0.000230412589526464,2.79973121923588
"Dapma7bEVm026830","MEbrown",532,0.000228298712558332,2.51336919466324
"Dapma7bEVm022476","MEbrown",841,0.000218333292565706,2.96277565033958
"Dapma7bEVm015487","MEbrown",708,0.00021440752105346,2.76751471323383
"Dapma7bEVm030332","MEbrown",688,0.000211991661661308,2.73010162556811
"Dapma7bEVm028626","MEbrown",600,0.000210481749541213,2.58943125699687
"Dapma7bEVm017365","MEbrown",655,0.000206253995604948,2.66973828026579
"Dapma7bEVm023546","MEbrown",858,0.000202328224092701,2.99685503368477
"Dapma7bEVm024190","MEbrown",746,0.000201724259244663,2.82323246781892
"Dapma7bEVm015922","MEbrown",562,0.000191456856828019,2.62309460072936
"Dapma7bEVm023154","MEbrown",577,0.000183605313803526,2.53881533587435
"Dapma7bEVm021083","MEbrown",898,0.000181491436835393,3.05983764225272
"Dapma7bEVm017377","MEbrown",713,0.000163674473818275,2.76319509511836
"Dapma7bEVm025908","MEbrown",755,0.000157936807761915,2.86995306300149
"Dapma7bEVm012680","MEbrown",888,0.000147367422921251,3.06649683759149
"Dapma7bEVm012117","MEbrown",670,0.000132570284144322,2.71965095654733
"Dapma7bEVm024956","MEbrown",561,0.000126832618087962,2.52905571568055
"Dapma7bEVm011093","MEbrown",537,0.000116565215671317,2.4940058933066
"Dapma7bEVm029538","MEbrown",556,0.000116263233247299,2.51701191489331
"Dapma7bEVm023955","MEbrown",714,0.000115659268399261,2.78241902027813
"Dapma7bEVm022167","MEbrown",573,0.000107505742950749,2.56790945352407
"Dapma7bEVm030282","MEbrown",766,0.000104787901134578,2.86610644355733
"Dapma7bEVm025257","MEbrown",667,9.45204987179336e-05,2.69935129299198
"Dapma7bEVm012976","MEbrown",665,8.51590435733459e-05,2.69751950388207
"Dapma7bEVm014456","MEbrown",686,7.54956060047393e-05,2.74553768562094
"Dapma7bEVm024203","MEbrown",657,7.45896587326824e-05,2.67669911237081
"Dapma7bEVm030165","MEbrown",689,6.67381157081896e-05,2.72493020601214
"Dapma7bEVm018652","MEbrown",901,6.03964848037914e-06,3.05556476687353
"Dapma7bEVm000672","MEgreen",161,0.00781489827242742,2.18381948168909
"Dapma7bEVm015207","MEgreen",185,0.00157230183682618,2.27546203508253
"Dapma7bEVm010202","MEgreen",205,0.00115933509682897,1.9489499780825
"Dapma7bEVm001756","MEgreen",74,0.000901342216126188,1.8820097038755
"Dapma7bEVm015117","MEgreen",89,0.00086898177424287,2.00041389708435
"Dapma7bEVm005293","MEgreen",124,0.000813761203689684,2.11520766614089
"Dapma7bEVm000751","MEgreen",214,0.000601191695538712,1.94653530708326
"Dapma7bEVm000832","MEgreen",107,0.000589613188809819,2.06418940764307
"Dapma7bEVm000016","MEgreen",177,0.000580706645172208,1.98627345392048
"Dapma7bEVm009881","MEgreen",74,0.000547455548925129,1.98303450963329
"Dapma7bEVm008476","MEgreen",81,0.000531126885589509,1.97658836853348
"Dapma7bEVm011163","MEgreen",60,0.000374074832779643,1.61425340003106
"Dapma7bEVm000335","MEgreen",98,0.000338151773441281,2.0216556584438
"Dapma7bEVm005295","MEgreen",90,0.000332214077682874,1.99688284917778
"Dapma7bEVm015400","MEgreen",116,0.000323307534045263,2.07516055005527
"Dapma7bEVm016380","MEgreen",103,0.000322119994893582,2.01072155616578
"Dapma7bEVm014990","MEgreen",149,0.000291243976949865,1.86941921334506
"Dapma7bEVm022712","MEgreen",164,0.000286196935555219,1.89969657332602
"Dapma7bEVm018402","MEgreen",200,0.000274618428826325,1.92314782374802
"Dapma7bEVm007221","MEgreen",122,0.000245820604398051,1.8277806085903
"Dapma7bEVm001627","MEgreen",182,0.000233351443305396,1.89392142644769
"Dapma7bEVm000899","MEgreen",174,0.000200991001422078,1.92065551001214
"Dapma7bEVm015027","MEgreen",145,0.000191193803420707,1.87273162078888
"Dapma7bEVm004026","MEgreen",169,0.000187334301177742,1.9020452033663
"Dapma7bEVm010815","MEgreen",159,0.000140723389474247,1.86588054054146
"Dapma7bEVm000772","MEgreen",114,0.000139832735110486,1.78357514913943
"Dapma7bEVm000944","MEgreen",185,0.000130926191472875,1.89838939826645
"Dapma7bEVm027945","MEgreen",163,0.000130926191472875,1.86452907805058
"Dapma7bEVm002073","MEgreen",117,0.000119941454319822,2.04552780490156
"Dapma7bEVm027502","MEgreen",167,0.000113706873773495,1.85091840052686
"Dapma7bEVm006705","MEgreen",182,0.000108362947590928,1.91117631921538
"Dapma7bEVm001831","MEgreen",177,9.7081325649955e-05,1.89905195920462
"Dapma7bEVm000330","MEgreen",112,9.02529755277869e-05,1.76641510375818
"Dapma7bEVm000937","MEgreen",80,8.46121645573002e-05,1.97952438108719
"Dapma7bEVm010257","MEgreen",104,8.07526623143357e-05,1.74983127347231
"Dapma7bEVm010887","MEgreen",120,7.77838144351322e-05,1.79704447713669
"Dapma7bEVm001279","MEgreen",95,7.62993904955304e-05,1.74642691666878
"Dapma7bEVm001829","MEgreen",167,7.42211969800879e-05,1.86911258552231
"Dapma7bEVm001923","MEgreen",131,7.21430034646455e-05,1.73057426382545
"Dapma7bEVm003259","MEgreen",115,6.32364598270349e-05,1.78215973884372
"Dapma7bEVm009694","MEgreen",110,6.32364598270349e-05,1.7538729136147
"Dapma7bEVm004472","MEgreen",140,6.26426902511942e-05,1.77896980348634
"Dapma7bEVm001725","MEgreen",106,6.23458054632739e-05,1.72795886101001
"Dapma7bEVm015769","MEgreen",123,6.14551510995128e-05,1.7271355453836
"Dapma7bEVm010303","MEgreen",117,6.08613815236721e-05,1.73300291124405
"Dapma7bEVm003302","MEgreen",174,5.93769575840703e-05,1.8923377326415
"Dapma7bEVm009524","MEgreen",150,5.72987640686279e-05,1.83365641788211
"Dapma7bEVm000150","MEgreen",97,5.61112249169465e-05,1.68908391897965
"Dapma7bEVm002498","MEgreen",86,5.46268009773447e-05,1.97687134001684
"Dapma7bEVm009845","MEgreen",88,4.95797595826987e-05,1.74398501088015
"Dapma7bEVm015448","MEgreen",100,4.75015660672563e-05,1.75050762210082
"Dapma7bEVm026301","MEgreen",132,4.3048294248451e-05,1.79178631585844
"Dapma7bEVm003967","MEgreen",137,4.15638703088492e-05,1.8097146594243
"Dapma7bEVm011294","MEgreen",119,4.06732159450882e-05,1.76435942830926
"Dapma7bEVm000605","MEgreen",157,4.00794463692475e-05,1.82551065019119
"Dapma7bEVm003203","MEgreen",129,3.94856767934068e-05,1.78292767508824
"Dapma7bEVm023412","MEgreen",153,3.94856767934068e-05,1.8191108826769
"Dapma7bEVm018819","MEgreen",105,3.85950224296457e-05,1.74620390470113
"Dapma7bEVm002444","MEgreen",154,3.82981376417254e-05,1.81959638570377
"Dapma7bEVm010665","MEgreen",126,3.7110598490044e-05,1.75125199200156
"Dapma7bEVm000978","MEgreen",72,3.68137137021236e-05,1.64891605771557
"Dapma7bEVm009598","MEgreen",157,3.62199441262829e-05,1.83153868646681
"Dapma7bEVm009824","MEgreen",131,3.59230593383626e-05,1.77635526722553
"Dapma7bEVm011858","MEgreen",87,3.2954211459159e-05,1.7352311688981
"Dapma7bEVm018795","MEgreen",76,3.2954211459159e-05,1.69911090798219
"Dapma7bEVm011295","MEgreen",88,2.90947092161945e-05,1.67075859551504
"Dapma7bEVm009557","MEgreen",124,2.79071700645131e-05,1.77177334197386
"Dapma7bEVm006387","MEgreen",102,2.67196309128317e-05,1.70336206992785
"Dapma7bEVm002969","MEgreen",113,2.52352069732299e-05,1.71545613320471
"Dapma7bEVm005653","MEgreen",102,2.46414373973892e-05,1.75491450517841
"Dapma7bEVm005146","MEgreen",130,2.40476678215485e-05,1.78141206860491
"Dapma7bEVm001013","MEgreen",104,2.34538982457078e-05,2.01446177061619
"Dapma7bEVm028411","MEgreen",85,1.98912807906636e-05,1.68486816336709
"Dapma7bEVm009573","MEgreen",96,1.95943960027432e-05,1.72728830387314
"Dapma7bEVm002853","MEgreen",118,1.84068568510618e-05,1.74830204738317
"Dapma7bEVm009953","MEgreen",153,1.81099720631415e-05,1.81596830126413
"Dapma7bEVm003882","MEgreen",58,1.75162024873008e-05,1.61873477408158
"Dapma7bEVm015582","MEgreen",110,1.72193176993804e-05,2.01186382493424
"Dapma7bEVm029427","MEgreen",115,1.72193176993804e-05,1.74994409682527
"Dapma7bEVm023363","MEgreen",75,1.66255481235397e-05,1.67500112941077
"Dapma7bEVm003997","MEgreen",73,1.63286633356193e-05,1.50550281558662
"Dapma7bEVm000991","MEgreen",60,1.6031778547699e-05,1.68013422624291
"Dapma7bEVm007847","MEgreen",148,1.6031778547699e-05,1.77864038876984
"Dapma7bEVm009826","MEgreen",92,1.54380089718583e-05,1.74443888509662
"Dapma7bEVm000361","MEgreen",59,1.51411241839379e-05,1.91862062400614
"Dapma7bEVm006468","MEgreen",102,1.30629306684955e-05,1.71275101490822
"Dapma7bEVm008129","MEgreen",121,1.30629306684955e-05,1.74268403403609
"Dapma7bEVm009757","MEgreen",91,1.30629306684955e-05,1.72255725833818
"Dapma7bEVm001000","MEgreen",97,1.27660458805751e-05,2.00206301589018
"Dapma7bEVm009025","MEgreen",86,1.27660458805751e-05,1.70113495647875
"Dapma7bEVm015475","MEgreen",90,1.27660458805751e-05,1.70178604485975
"Dapma7bEVm006942","MEgreen",110,1.21722763047344e-05,1.70630715022838
"Dapma7bEVm010558","MEgreen",141,1.21722763047344e-05,1.73925476263362
"Dapma7bEVm011181","MEgreen",144,1.18753915168141e-05,1.73806513797613
"Dapma7bEVm000925","MEgreen",142,1.12816219409734e-05,1.79304238413385
"Dapma7bEVm002561","MEgreen",128,1.12816219409734e-05,1.73055223901635
"Dapma7bEVm023203","MEgreen",61,1.12816219409734e-05,1.91307915078475
"Dapma7bEVm000336","MEgreen",62,1.0984737153053e-05,1.67552364384155
"Dapma7bEVm006425","MEgreen",114,9.50031321345126e-06,1.73876798978674
"Dapma7bEVm001276","MEgreen",110,9.2034284255309e-06,2.00018318553833
"Dapma7bEVm000306","MEgreen",89,8.90654363761055e-06,1.72207564219887
"Dapma7bEVm015580","MEgreen",91,8.31277406176985e-06,1.71023528816046
"Dapma7bEVm010624","MEgreen",103,7.71900448592915e-06,1.72013389628455
"Dapma7bEVm011867","MEgreen",94,7.71900448592915e-06,1.71035578874176
"Dapma7bEVm004470","MEgreen",83,7.42211969800879e-06,1.7104790078249
"Dapma7bEVm007579","MEgreen",112,6.82835012216809e-06,1.73809308798294
"Dapma7bEVm009924","MEgreen",71,6.82835012216809e-06,1.49405552344303
"Dapma7bEVm027718","MEgreen",96,6.53146533424774e-06,1.71167953274738
"Dapma7bEVm000159","MEgreen",104,6.23458054632739e-06,1.73452995478942
"Dapma7bEVm002520","MEgreen",76,5.93769575840703e-06,1.68970321576622
"Dapma7bEVm019928","MEgreen",109,5.93769575840703e-06,1.74377865125877
"Dapma7bEVm003562","MEgreen",102,5.64081097048668e-06,1.70283408359838
"Dapma7bEVm009968","MEgreen",102,5.64081097048668e-06,1.70490622029801
"Dapma7bEVm010396","MEgreen",58,5.64081097048668e-06,1.44350739122815
"Dapma7bEVm004830","MEgreen",110,5.04704139464598e-06,1.72082700477793
"Dapma7bEVm005544","MEgreen",77,5.04704139464598e-06,1.68299574556514
"Dapma7bEVm003176","MEgreen",92,4.75015660672563e-06,1.70691809778084
"Dapma7bEVm004857","MEgreen",65,4.75015660672563e-06,1.91621016859103
"Dapma7bEVm010547","MEgreen",64,4.15638703088492e-06,1.49104926941746
"Dapma7bEVm010742","MEgreen",58,3.26573266712387e-06,1.65900278171986
"Dapma7bEVm015337","MEgreen",77,3.26573266712387e-06,1.64964086184319
"Dapma7bEVm018520","MEgreen",74,2.37507830336281e-06,1.67263238393645
"Dapma7bEVm000655","MEgreen",83,2.07819351544246e-06,1.69290326041201
"Dapma7bEVm004775","MEgreen",63,2.07819351544246e-06,1.4881087118245
"Dapma7bEVm006005","MEgreen",65,2.07819351544246e-06,1.66437389424919
"Dapma7bEVm006748","MEgreen",79,1.48442393960176e-06,1.68434704453122
"Dapma7bEVm003461","MEgreen",92,1.18753915168141e-06,1.70141664067667
"Dapma7bEVm007124","MEgreen",61,1.18753915168141e-06,1.65399879212281
"Dapma7bEVm010252","MEgreen",83,5.93769575840703e-07,1.68820495267803
"Dapma7bEVm028416","MEgreen",68,5.93769575840703e-07,1.65838097345282
"Dapma7bEVm000987","MEmidnightblue",260,0.00144506145878829,3.0907792868054
"Dapma7bEVm000774","MEmidnightblue",268,0.00116719702169256,3.14060186038681
"Dapma7bEVm010090","MEmidnightblue",272,0.00104906303945425,3.15856192860607
"Dapma7bEVm014957","MEmidnightblue",195,0.000936752563382625,2.71918069114246
"Dapma7bEVm023411","MEmidnightblue",205,0.000932592916120713,2.7633327716211
"Dapma7bEVm000366","MEmidnightblue",238,0.000853559618144381,2.95231773359091
"Dapma7bEVm004735","MEmidnightblue",232,0.000715459329048897,2.95600153993164
"Dapma7bEVm002401","MEmidnightblue",198,0.000656392337929744,2.7468405585139
"Dapma7bEVm002953","MEmidnightblue",196,0.000643913396144007,2.77052934651488
"Dapma7bEVm027580","MEmidnightblue",163,0.000609804288596327,2.60667212409236
"Dapma7bEVm003378","MEmidnightblue",247,0.000604812711882032,3.03282788166102
"Dapma7bEVm010434","MEmidnightblue",239,0.000591501840643913,2.97242339432068
"Dapma7bEVm009937","MEmidnightblue",216,0.000581518687215324,2.83140954938242
"Dapma7bEVm015105","MEmidnightblue",206,0.000562384309810528,2.82801191495811
"Dapma7bEVm002063","MEmidnightblue",207,0.000556560803643851,2.77892359237882
"Dapma7bEVm028368","MEmidnightblue",165,0.000554896944739086,2.61265353257867
"Dapma7bEVm003656","MEmidnightblue",166,0.000528275202262848,2.64141296749676
"Dapma7bEVm009696","MEmidnightblue",185,0.000519123978286641,2.66623896621847
"Dapma7bEVm006166","MEmidnightblue",239,0.000483351011834196,2.9815344861867
"Dapma7bEVm022901","MEmidnightblue",134,0.000475863646762754,2.45732151778736
"Dapma7bEVm001289","MEmidnightblue",207,0.000465048563881783,2.83912056856339
"Dapma7bEVm018423","MEmidnightblue",185,0.000443418398119839,2.6716139143795
"Dapma7bEVm015197","MEmidnightblue",128,0.000441754539215075,2.45772593649886
"Dapma7bEVm010009","MEmidnightblue",163,0.00043343524469125,2.54833953137878
"Dapma7bEVm002923","MEmidnightblue",183,0.000432603315238868,2.69956438850742
"Dapma7bEVm004023","MEmidnightblue",203,0.000415132796738837,2.8239892582063
"Dapma7bEVm010609","MEmidnightblue",109,0.000388511054262599,2.33362658320911
"Dapma7bEVm011193","MEmidnightblue",212,0.000380191759738774,2.85659969080528
"Dapma7bEVm025702","MEmidnightblue",104,0.000371040535762567,2.36962191141298
"Dapma7bEVm011778","MEmidnightblue",171,0.000345250722738712,2.61415957396103
"Dapma7bEVm010900","MEmidnightblue",121,0.000343586863833947,2.39431079255974
"Dapma7bEVm028979","MEmidnightblue",172,0.000330275992595828,2.60344570251575
"Dapma7bEVm008528","MEmidnightblue",169,0.000323620556976768,2.6057898488504
"Dapma7bEVm023892","MEmidnightblue",177,0.000318628980262474,2.62456418047903
"Dapma7bEVm010089","MEmidnightblue",149,0.000316965121357709,2.51306308797024
"Dapma7bEVm018443","MEmidnightblue",138,0.000313637403548179,2.4575221806631
"Dapma7bEVm010186","MEmidnightblue",211,0.000306150038476737,2.78794624335233
"Dapma7bEVm015116","MEmidnightblue",213,0.000255402341881408,2.80734896349481
"Dapma7bEVm014965","MEmidnightblue",194,0.000251242694619496,2.74468651267527
"Dapma7bEVm002066","MEmidnightblue",124,0.000248746906262349,2.37963775883188
"Dapma7bEVm001293","MEmidnightblue",232,0.000246251117905202,2.93292492154378
"Dapma7bEVm028342","MEmidnightblue",207,0.000245419188452819,2.78374377811388
"Dapma7bEVm010325","MEmidnightblue",137,0.000237099893928995,2.43281553470542
"Dapma7bEVm019618","MEmidnightblue",148,0.000233772176119465,2.49095062124352
"Dapma7bEVm001213","MEmidnightblue",132,0.000232940246667083,2.42076778667556
"Dapma7bEVm029338","MEmidnightblue",185,0.0002321083172147,2.67751610543243
"Dapma7bEVm010531","MEmidnightblue",158,0.000227116740500406,2.56656611554308
"Dapma7bEVm014950","MEmidnightblue",210,0.000210478151452757,2.78092634529013
"Dapma7bEVm001313","MEmidnightblue",189,0.000208814292547992,2.67641467410598
"Dapma7bEVm009697","MEmidnightblue",185,0.00019799920966702,2.6370879698138
"Dapma7bEVm005373","MEmidnightblue",115,0.00019467149185749,2.36349517013393
"Dapma7bEVm028923","MEmidnightblue",118,0.000193007632952726,2.35051706282715
"Dapma7bEVm029447","MEmidnightblue",107,0.000187184126786049,2.34071374455282
"Dapma7bEVm009952","MEmidnightblue",117,0.000178032902809842,2.33805742074682
"Dapma7bEVm005385","MEmidnightblue",112,0.000173041326095547,2.35901338239724
"Dapma7bEVm007180","MEmidnightblue",136,0.000173041326095547,2.42231294525681
"Dapma7bEVm015618","MEmidnightblue",123,0.000171377467190782,2.40192258778658
"Dapma7bEVm001185","MEmidnightblue",120,0.000165553961024105,2.35132900344303
"Dapma7bEVm015201","MEmidnightblue",118,0.000152243089785986,2.39510132913448
"Dapma7bEVm015662","MEmidnightblue",120,0.00013976414800025,2.38004269307286
"Dapma7bEVm029332","MEmidnightblue",126,0.000133940641833573,2.3938566629429
"Dapma7bEVm018514","MEmidnightblue",203,0.000131444853476425,2.73856911181409
"Dapma7bEVm010542","MEmidnightblue",160,0.00012978099457166,2.54674108568112
"Dapma7bEVm002249","MEmidnightblue",138,0.000128949065119278,2.43998550267077
"Dapma7bEVm011388","MEmidnightblue",113,0.000127285206214513,2.35600160565507
"Dapma7bEVm004955","MEmidnightblue",108,0.000125621347309748,2.28958207895803
"Dapma7bEVm006831","MEmidnightblue",125,0.000123957488404983,2.41097988473101
"Dapma7bEVm015455","MEmidnightblue",124,0.000123957488404983,2.39103834185643
"Dapma7bEVm004290","MEmidnightblue",115,0.000107318899357335,2.28956524141088
"Dapma7bEVm018406","MEmidnightblue",114,0.000107318899357335,2.37946389897717
"Dapma7bEVm002074","MEmidnightblue",140,0.000106486969904952,2.46391571524913
"Dapma7bEVm018562","MEmidnightblue",122,0.000104823111000187,2.38119033169942
"Dapma7bEVm004981","MEmidnightblue",110,9.81676753811277e-05,2.33159678319071
"Dapma7bEVm015352","MEmidnightblue",119,8.31929452382438e-05,2.37074379001467
"Dapma7bEVm024404","MEmidnightblue",122,6.90501445477424e-05,2.33570504979999
"Dapma7bEVm023885","MEmidnightblue",102,6.15627794763004e-05,2.29183881054528
"Dapma7bEVm001815","MEmidnightblue",102,5.98989205715355e-05,2.26750381189358
"Dapma7bEVm015342","MEmidnightblue",102,3.410910754768e-05,2.2771556048506
"Dapma7bEVm029448","MEdarkgreen",18,0.00851063829787234,3.35725349489859
"Dapma7bEVm029164","MEdarkgreen",15,0.007193515704154,2.94462720772017
"Dapma7bEVm002272","MEdarkgreen",8,0.0022289766970618,2.25600220602505
"Dapma7bEVm011575","MEdarkgreen",7,0.000506585612968592,2.32159044459289
"Dapma7bEVm004386","MEdarkgreen",3,0,1.95355619217839
"Dapma7bEVm005346","MEdarkgreen",6,0,2.28610632737
"Dapma7bEVm011009","MEdarkgreen",5,0,2.14566630203338
"Dapma7bEVm027761","MEdarkgreen",5,0,2.09912711632323
"Dapma7bEVm001252","MEyellow",601,0.00221089905321661,2.67955613088961
"Dapma7bEVm010185","MEyellow",620,0.00149199672378099,2.64636746370355
"Dapma7bEVm005210","MEyellow",574,0.00112911568153724,2.66961573677304
"Dapma7bEVm015270","MEyellow",582,0.00102141752722294,2.63867562274702
"Dapma7bEVm015046","MEyellow",605,0.000867073038555939,2.65469103380839
"Dapma7bEVm009493","MEyellow",592,0.000854725479462579,2.60508267598867
"Dapma7bEVm028698","MEyellow",552,0.000627667587245795,2.69670973516202
"Dapma7bEVm000254","MEyellow",603,0.000623551734214675,2.64654812569245
"Dapma7bEVm009906","MEyellow",585,0.000622865758709488,2.63327275828902
"Dapma7bEVm028895","MEyellow",602,0.000614634052647248,2.64083952445536
"Dapma7bEVm001287","MEyellow",609,0.000611890150626501,2.6310790756105
"Dapma7bEVm001511","MEyellow",603,0.000605030395574635,2.66095662810583
"Dapma7bEVm000243","MEyellow",559,0.000573475522336048,2.6449370096165
"Dapma7bEVm001863","MEyellow",580,0.000535746869550782,2.61699257781747
"Dapma7bEVm023201","MEyellow",589,0.000520655408436676,2.65086955787155
"Dapma7bEVm002036","MEyellow",555,0.000502134069796636,2.67405364445994
"Dapma7bEVm000855","MEyellow",571,0.000487042608682529,2.64725610933109
"Dapma7bEVm010374","MEyellow",594,0.000486356633177342,2.63521178508595
"Dapma7bEVm028877","MEyellow",587,0.000479496878125476,2.61749807583913
"Dapma7bEVm002450","MEyellow",584,0.000469207245547676,2.62744014335777
"Dapma7bEVm003795","MEyellow",566,0.000422560911194983,2.65832378935897
"Dapma7bEVm027579","MEyellow",562,0.000387576160430463,2.6442562544734
"Dapma7bEVm002352","MEyellow",579,0.000383460307399343,2.62392115509586
"Dapma7bEVm006424","MEyellow",564,0.000372484699316357,2.63757379306836
"Dapma7bEVm003111","MEyellow",558,0.000358079213707437,2.69179869996142
"Dapma7bEVm015023","MEyellow",595,0.00035327738517113,2.61351827733408
"Dapma7bEVm010856","MEyellow",583,0.000351905434160757,2.62265953932131
"Dapma7bEVm015029","MEyellow",570,0.00034092982607777,2.61324888360956
"Dapma7bEVm003427","MEyellow",563,0.000307317026323624,2.65378344507282
"Dapma7bEVm001468","MEyellow",597,0.000301143246776944,2.62828795553013
"Dapma7bEVm002746","MEyellow",571,0.000294969467230264,2.62321084139423
"Dapma7bEVm018513","MEyellow",603,0.000277134104095411,2.61414505435992
"Dapma7bEVm000535","MEyellow",602,0.000266844471517611,2.64475836538266
"Dapma7bEVm000556","MEyellow",564,0.000233917647268651,2.62706415463098
"Dapma7bEVm018719","MEyellow",555,0.000225685941206411,2.6419524307955
"Dapma7bEVm010275","MEyellow",569,0.000220198137164918,2.63622149917777
"Dapma7bEVm002227","MEyellow",620,0.000213338382113051,2.64088832939323
"Dapma7bEVm004763","MEyellow",560,0.000213338382113051,2.64848600565498
"Dapma7bEVm010648","MEyellow",579,0.000212652406607865,2.62383985144203
"Dapma7bEVm010312","MEyellow",557,0.000205792651555998,2.59213156745036
"Dapma7bEVm000566","MEyellow",586,0.000192759116957452,2.61686505444421
"Dapma7bEVm000432","MEyellow",578,0.000187271312915958,2.63342873796781
"Dapma7bEVm005157","MEyellow",562,0.000177667655843345,2.64566742360347
"Dapma7bEVm001266","MEyellow",596,0.000163948145739612,2.61280939790301
"Dapma7bEVm010425","MEyellow",603,0.000161204243718865,2.63132327323167
"Dapma7bEVm002491","MEyellow",576,0.000155716439677372,2.64440787053742
"Dapma7bEVm001537","MEyellow",570,0.000150914611141065,2.63627654673009
"Dapma7bEVm015011","MEyellow",558,0.000135823150026959,2.66081150239604
"Dapma7bEVm001752","MEyellow",570,0.000118673762397292,2.63076152922853
"Dapma7bEVm000850","MEyellow",572,0.000113871933860986,2.63538993652886
"Dapma7bEVm019181","MEyellow",568,0.000102210350272812,2.64018733881319
"Dapma7bEVm009982","MEyellow",602,9.94664482520658e-05,2.62379433431486
"Dapma7bEVm003715","MEyellow",575,9.53505952209459e-05,2.62196175732674
"Dapma7bEVm005585","MEyellow",604,8.36890116327726e-05,2.6311902660717
"Dapma7bEVm006432","MEyellow",612,8.0945109612026e-05,2.64390577020263
"Dapma7bEVm001662","MEyellow",584,8.02591341068393e-05,2.62246099547991
"Dapma7bEVm001244","MEyellow",574,7.8887183096466e-05,2.61869289085344
"Dapma7bEVm001634","MEyellow",553,7.8887183096466e-05,2.60715333308854
"Dapma7bEVm002889","MEyellow",585,7.54573055705327e-05,2.60718630916605
"Dapma7bEVm010310","MEyellow",555,7.40853545601594e-05,2.57803350124878
"Dapma7bEVm006006","MEyellow",574,6.31097464771728e-05,2.62128519441655
"Dapma7bEVm010147","MEyellow",567,6.31097464771728e-05,2.62002939004033
"Dapma7bEVm018472","MEyellow",600,5.96798689512395e-05,2.61938162295179
"Dapma7bEVm009665","MEyellow",583,5.76219424356795e-05,2.6132453072441
"Dapma7bEVm000066","MEyellow",570,5.41920649097462e-05,2.61485265689331
"Dapma7bEVm001288","MEyellow",566,4.93902363734396e-05,2.64453879394687
"Dapma7bEVm002342","MEyellow",608,4.87042608682529e-05,2.650756250653
"Dapma7bEVm000590","MEyellow",577,4.45884078371329e-05,2.61079824042585
"Dapma7bEVm015051","MEyellow",573,4.0472554806013e-05,2.61990295219194
"Dapma7bEVm002524","MEyellow",555,3.22408487437731e-05,2.60605721203682
"Dapma7bEVm007190","MEyellow",582,3.22408487437731e-05,2.60193274657511
"Dapma7bEVm004299","MEyellow",571,2.26371916711598e-05,2.6104850084048
"Dapma7bEVm000320","MEyellow",615,2.19512161659731e-05,2.66215796200221
"Dapma7bEVm010172","MEyellow",576,2.05792651555998e-05,2.60638751554425
"Dapma7bEVm015017","MEyellow",600,1.85213386400398e-05,2.61456523946973
"Dapma7bEVm000539","MEyellow",563,1.64634121244799e-05,2.62473013449821
"Dapma7bEVm027409","MEyellow",554,1.50914611141065e-05,2.58497431700283
"Dapma7bEVm002029","MEyellow",587,1.09756080829866e-05,2.59422474922465
"Dapma7bEVm015067","MEyellow",572,8.91768156742659e-06,2.6372933800115
"Dapma7bEVm001460","MEyellow",607,7.54573055705327e-06,2.60962563124553
"Dapma7bEVm000952","MEyellow",574,6.17377954667995e-06,2.60343756524565
"Dapma7bEVm009996","MEyellow",611,5.48780404149329e-06,2.63108347622064
"Dapma7bEVm000253","MEyellow",606,2.74390202074664e-06,2.62592703224076
"Dapma7bEVm028424","MEyellow",590,2.74390202074664e-06,2.60906558344208
"Dapma7bEVm002938","MEyellow",592,1.37195101037332e-06,2.60529028192817
"Dapma7bEVm000463","MEyellow",572,6.85975505186661e-07,2.6257358067333
"Dapma7bEVm001221","MEgreenyellow",155,0.0068725653867557,2.89598957606741
"Dapma7bEVm015235","MEgreenyellow",121,0.0065386755703951,2.62704391440661
"Dapma7bEVm007126","MEgreenyellow",151,0.00613244296048971,2.86420332754135
"Dapma7bEVm011166","MEgreenyellow",124,0.00466332776850306,2.63496382434142
"Dapma7bEVm015132","MEgreenyellow",138,0.00464106844741235,2.77639261546283
"Dapma7bEVm005063","MEgreenyellow",127,0.00434056761268781,2.6713865150171
"Dapma7bEVm002284","MEgreenyellow",123,0.00384529771841959,2.67888320196641
"Dapma7bEVm002563","MEgreenyellow",94,0.00361157484696717,2.45301776848679
"Dapma7bEVm004512","MEgreenyellow",111,0.00355036171396772,2.5436850161614
"Dapma7bEVm003455","MEgreenyellow",100,0.00345575959933222,2.46823585973625
"Dapma7bEVm009815","MEgreenyellow",118,0.0027434613244296,2.63743162980424
"Dapma7bEVm009491","MEgreenyellow",114,0.00261547022815804,2.56461701841503
"Dapma7bEVm002903","MEgreenyellow",87,0.00260990539788536,2.41746476767921
"Dapma7bEVm015395","MEgreenyellow",138,0.00244296048970506,2.74642340163102
"Dapma7bEVm007096","MEgreenyellow",87,0.00240400667779633,2.36482639221978
"Dapma7bEVm010524","MEgreenyellow",98,0.0020756816917084,2.38028879957008
"Dapma7bEVm000886","MEgreenyellow",74,0.0020534223706177,2.22426018420825
"Dapma7bEVm001344","MEgreenyellow",79,0.00204229271007234,2.23842479115366
"Dapma7bEVm011489","MEgreenyellow",120,0.00193656093489149,2.63505004955856
"Dapma7bEVm018675","MEgreenyellow",99,0.00153032832498609,2.3353115806343
"Dapma7bEVm009997","MEgreenyellow",95,0.00151363383416806,2.4412830890964
"Dapma7bEVm006273","MEgreenyellow",123,0.00143016138007791,2.62136712950904
"Dapma7bEVm015333","MEgreenyellow",94,0.00143016138007791,2.44810747338549
"Dapma7bEVm010337","MEgreenyellow",95,0.00125208681135225,2.47621575429186
"Dapma7bEVm022733","MEgreenyellow",84,0.00122982749026155,2.41915637816753
"Dapma7bEVm009471","MEgreenyellow",104,0.00121313299944352,2.53270298286777
"Dapma7bEVm007125","MEgreenyellow",125,0.00119643850862549,2.6612330323178
"Dapma7bEVm027594","MEgreenyellow",88,0.00105731775180857,2.43915304803077
"Dapma7bEVm010790","MEgreenyellow",81,0.000779076238174736,2.37318436379917
"Dapma7bEVm009494","MEgreenyellow",76,0.000539788536449638,2.29911580631224
"Dapma7bEVm010322","MEgreenyellow",74,0.000267111853088481,2.28707957531748
