75_02526269	75.02526269	
77_01235688	77.01235688	
78_95837265	78.95837265	
80_9161215	80.9161215	
88_04013363	88.04013363	C00041;C00099;C00133;C00213;C01401;C01537;C02116;C11488
92_92770529	92.92770529	C13563
94_92414748	94.92414748	
102_0550047	102.0550047	
104_034937	104.034937	C00065;C00488;C00716;C00740
116_0712257	116.0712257	C00183;C00431;C00719;C01799;C01826;C03571;C06417;C07457;C14150;C15987;C16436;C19257
117_0033442	117.0033442	
117_9747926	117.9747926	
118_050495	118.050495	C00188;C00263;C00820;C02115;C03678;C05519;C06244;C06735;C11108;C11489;C12317
119_0491788	119.0491788	
122_0236901	122.0236901	
122_0712779	122.0712779	
122_9911897	122.9911897	
123_0108232	123.0108232	
127_0501267	127.0501267	
128_0348006	128.0348006	C01877;C01879;C02237;C04281;C04282;C22141
128_958413	128.958413	
130_0040009	130.0040009	C02389;C05060
130_0498117	130.0498117	
130_0868072	130.0868072	C00123;C00407;C01570;C01933;C02378;C02486;C06418;C08263;C12244;C16434;C16439;C16647;C21092;C21096
131_0450664	131.0450664	
131_0894885	131.0894885	
132_0112783	132.0112783	
132_0847729	132.0847729	
132_9451895	132.9451895	
132_981378	132.981378	
134_0460373	134.0460373	C00037;C01837;C03059;C06056;C06808;C19445
134_9147671	134.9147671	
134_9595959	134.9595959	
135_0286584	135.0286584	
136_9311493	136.9311493	
144_0653453	144.0653453	
144_9980713	144.9980713	
145_0606808	145.0606808	
145_0970189	145.0970189	
145_0976358	145.0976358	C00047;C00739;C01142;C01186;C05161;C07973;C16440;C20277
145_9977069	145.9977069	
146_0638797	146.0638797	C17245
146_9962676	146.9962676	C00106;C02560;C05130;C18474
147_0437732	147.0437732	
147_0478974	147.0478974	
148_0424661	148.0424661	
148_0432248	148.0432248	C00073;C00855;C01733;C07418
148_9786927	148.9786927	C18773;C19304
150_9466688	150.9466688	
150_9475443	150.9475443	
152_0018275	152.0018275	C00606
152_9436229	152.9436229	
152_9944598	152.9944598	
154_0610817	154.0610817	
155_0577315	155.0577315	C06558;C11345
155_0641498	155.0641498	
155_0650606	155.0650606	
156_0418612	156.0418612	
156_0764963	156.0764963	
156_0773533	156.0773533	C02026
156_9635479	156.9635479	
157_0351737	157.0351737	
157_9837807	157.9837807	C03311
157_9927395	157.9927395	
158_9770758	158.9770758	C18300;C19165
158_9884475	158.9884475	C19239
159_0760182	159.0760182	
160_0142757	160.0142757	C05679
160_0151752	160.0151752	C05679
160_0600362	160.0600362	
160_0609919	160.0609919	C00956;C01046;C01077;C01234;C02207;C02926;C03210;C05016;C06234;C07509;C08267;C11106;C17234;C17581;C19456;C19694;C19777;C20255;C20905
161_009125	161.009125	C01127;C05946;C20485
161_0110051	161.0110051	
161_0118939	161.0118939	C00178;C02835;C03007;C05827
161_9923944	161.9923944	
162_963925	162.963925	
162_964806	162.964806	
163_0973508	163.0973508	
164_9257622	164.9257622	
164_9334015	164.9334015	
164_9619981	164.9619981	
165_0735013	165.0735013	
166_050401	166.050401	C00250;C03493;C03986;C05831;C06051;C06876;C07151;C07327;C12323;C14170;C14171;C17500;C20821
166_060615	166.060615	C01035
166_9808823	166.9808823	
167_0194777	167.0194777	
167_0422123	167.0422123	C19400
168_0263798	168.0263798	
168_0272015	168.0272015	C00025;C00217;C00302;C00979;C03618;C03790;C05574;C05938;C05941;C12269
168_0415355	168.0415355	
168_0425229	168.0425229	C00123;C00407;C01570;C01933;C02366;C02378;C02389;C02486;C05060;C06418;C08263;C13482;C14639;C16434;C16439;C16647;C20313;C21092;C21096
168_0762481	168.0762481	
168_9125418	168.9125418	
170_0410149	170.0410149	
170_0424271	170.0424271	
170_043364	170.043364	C20314;C20931
170_8827219	170.8827219	
171_0053863	171.0053863	
172_0216882	172.0216882	
173_0295455	173.0295455	
173_0557573	173.0557573	
173_1022383	173.1022383	
173_1042504	173.1042504	C00062;C00792;C02385
174_1003933	174.1003933	
174_1066944	174.1066944	
174_992297	174.992297	C00785;C02126;C17206;C19345
175_0713654	175.0713654	
176_0084964	176.0084964	
176_0415837	176.0415837	
176_0429989	176.0429989	
176_9785278	176.9785278	C02595
178_05869	178.05869	
178_9403777	178.9403777	
178_9715553	178.9715553	
178_9770747	178.9770747	
180_0641465	180.0641465	C03087;C08269;C10151;C10850;C21513
181_1083399	181.1083399	C07471
182_0423796	182.0423796	
182_0576663	182.0576663	C01956;C16403
183_9917043	183.9917043	C02703
185_0208532	185.0208532	
185_091996	185.091996	
187_071233	187.071233	C14147
187_107558	187.107558	
188_0039359	188.0039359	
188_007874	188.007874	
188_0429699	188.0429699	
188_0447585	188.0447585	C16396;C16397;C21421
189_0051295	189.0051295	
189_0127765	189.0127765	
189_032635	189.032635	C01014;C06317;C07649;C07729;C08398;C10787;C15075
189_0399455	189.0399455	C00433;C00490;C00944;C01732;C02132;C02214;C02226;C02800;C04049;C05601;C06201;C14149;C17695
189_086839	189.086839	
190_0530873	190.0530873	
192_9558772	192.9558772	
192_9870864	192.9870864	
193_9607492	193.9607492	
194_0480456	194.0480456	
196_9502767	196.9502767	
196_9821441	196.9821441	
199_0181835	199.0181835	
199_0323887	199.0323887	C08456
199_0688084	199.0688084	
199_0711867	199.0711867	
199_0769064	199.0769064	C07721;C08458;C08741;C14244;C14298;C14747;C17717;C17796;C19800
201_1231283	201.1231283	
201_9928975	201.9928975	
202_0021688	202.0021688	C19452
202_0234296	202.0234296	
202_0471853	202.0471853	
202_0820038	202.0820038	
202_1184032	202.1184032	
203_0200539	203.0200539	C05533
203_0281616	203.0281616	C15075
203_0552915	203.0552915	C00922;C01757;C02295;C02930;C08290;C18342;C19821;C19822;C19826
203_0658884	203.0658884	C06936
203_0811122	203.0811122	
203_1023136	203.1023136	
204_0031298	204.0031298	C14713
204_0250246	204.0250246	
204_0290567	204.0290567	C06560;C14148
204_9870578	204.9870578	C02496;C06607;C13793
205_0162517	205.0162517	
205_0526467	205.0526467	
205_9822768	205.9822768	
206_0234822	206.0234822	C00314;C00547;C03972;C12108;C17356;C21249
206_0445576	206.0445576	
207_0682414	207.0682414	
207_9884641	207.9884641	
208_0190612	208.0190612	
208_071698	208.071698	
208_1000217	208.1000217	
208_1177686	208.1177686	
208_9521733	208.9521733	
210_0245447	210.0245447	C07641
210_0346455	210.0346455	
211_0000492	211.0000492	
211_986484	211.986484	
212_0194811	212.0194811	
212_0428779	212.0428779	
212_9854571	212.9854571	
213_0479555	213.0479555	C11422;C14315
213_0843457	213.0843457	
213_0924977	213.0924977	C06588;C08452;C10254;C10269;C11834;C13687;C14341;C14349;C16015;C16927;C19312
214_0143114	214.0143114	C03975;C21957
214_0166145	214.0166145	
214_0194789	214.0194789	
214_0472082	214.0472082	
214_9691326	214.9691326	
215_0315967	215.0315967	C00295;C00779;C01494;C02379;C03030;C03894;C09974;C10470;C10477;C11233;C11434;C12204;C16982
215_0371961	215.0371961	C00604;C15347;C21476
215_1389415	215.1389415	
216_0179348	216.0179348	C07585
216_0301136	216.0301136	C16675;C21065
216_0353134	216.0353134	
216_1342582	216.1342582	
216_8922914	216.8922914	
218_053134	218.053134	
221_0805838	221.0805838	
221_0839171	221.0839171	
222_0482598	222.0482598	
222_1156019	222.1156019	
223_0975982	223.0975982	C01924;C02581;C03884;C06578;C09858;C09904;C09905;C10453;C10469;C10673;C12303;C19229;C19729;C20417;C21793
223_0992887	223.0992887	C16038
224_0992134	224.0992134	
224_1027483	224.1027483	
225_0023804	225.0023804	C05533
225_0492404	225.0492404	
225_0644225	225.0644225	C00078;C00525;C00666;C00680;C00806;C02155;C02727;C03846;C07839;C10743;C10968;C12989;C14916;C20914;C21604;C21887
225_096985	225.096985	C08286
225_0991591	225.0991591	C00386;C02571;C19872
225_986324	225.986324	C08296
226_0032781	226.0032781	
226_0486423	226.0486423	C02043;C02256;C05660;C06326;C09961;C10124;C10132;C10741;C11843;C16850;C17962;C21247;C21403;C22006
226_0962447	226.0962447	C18172
226_1000139	226.1000139	C07904;C10935;C10938
226_1025459	226.1025459	
227_0410459	227.0410459	C19026
227_0523695	227.0523695	
227_0648327	227.0648327	
227_1012118	227.1012118	C17575
227_9835126	227.9835126	C18584
227_985743	227.985743	C07279
228_0031475	228.0031475	
228_0363422	228.0363422	
228_0642115	228.0642115	C03519;C05620;C09933;C09986;C13482;C20126
228_0682215	228.0682215	
228_1046448	228.1046448	
228_902853	228.902853	
229_0118784	229.0118784	C00111;C00117;C00118;C00191;C00199;C00231;C00296;C00333;C00558;C00618;C00620;C00661;C00905;C01062;C01101;C01112;C01295;C02024;C03291;C03342;C03736;C03737;C03906;C06238;C06239;C06441;C06472;C06473;C06477;C06814;C08348;C08350;C09265;C12113;C15673;C16245;C17691;C17694;C18655;C19156;C20772;C21034;C21037;C21047;C21059;C21282;C21644
229_0142132	229.0142132	C17210;C17212;C20248
229_0396425	229.0396425	C19350
229_1557093	229.1557093	
229_9716999	229.9716999	
229_9982573	229.9982573	
230_04681	230.04681	
230_0520209	230.0520209	C10970
230_0546386	230.0546386	C16420
230_1145841	230.1145841	
230_9528031	230.9528031	
231_0333012	231.0333012	C06677;C21477
231_062947	231.062947	C02325;C02726;C05565;C07350;C10709;C13739;C20892;C20893
231_0986129	231.0986129	C01410;C03415;C04390;C15767;C21015
232_0139825	232.0139825	C13734;C14266;C16394;C16395;C17942
232_0938814	232.0938814	C03771
232_1012609	232.1012609	
232_1302645	232.1302645	C08288
233_0124934	233.0124934	C00850;C02180;C12849;C16757;C16758;C21477
233_0600923	233.0600923	C18250;C18263;C18264;C18265;C18266;C19180;C19244
233_0831647	233.0831647	C07448;C17486
233_0850899	233.0850899	C01453;C07448;C14288;C15141
234_0027736	234.0027736	
234_0847858	234.0847858	
234_0886182	234.0886182	
234_1168824	234.1168824	C17249
234_9482019	234.9482019	
235_0312842	235.0312842	
235_9996457	235.9996457	
236_0208581	236.0208581	C04446
236_0525828	236.0525828	C11080
236_0651467	236.0651467	C22030
236_1004614	236.1004614	
236_1041362	236.1041362	C16452
236_1323509	236.1323509	C20457
236_9090648	236.9090648	
236_9480727	236.9480727	C14397
237_0184752	237.0184752	C16842
237_0533783	237.0533783	C04067;C09954;C11491;C14613;C18215;C20980
237_0684532	237.0684532	C08992;C14384;C19343;C19344;C19454;C19455
237_0966088	237.0966088	
237_1050203	237.1050203	C12288
237_1073836	237.1073836	
237_1357192	237.1357192	C11079
238_0144173	238.0144173	
238_0250396	238.0250396	C13671
238_0682728	238.0682728	
238_0999144	238.0999144	C06860;C18882;C19053
238_1197548	238.1197548	C11777
239_0021899	239.0021899	C16196
239_0647641	239.0647641	C03738;C20957;C20958
239_0956574	239.0956574	C08299;C08312;C10760
239_1008841	239.1008841	C04020
239_1034374	239.1034374	C05636;C05638;C12033;C19415
239_1122241	239.1122241	
240_030095	240.030095	C00248;C15383
241_0117568	241.0117568	C00725;C01251;C01275;C02225;C04299;C04593;C05662;C09964;C16149;C16214;C16241;C16848;C17941;C18342;C21320
241_0305254	241.0305254	C17224
241_0829433	241.0829433	C00214;C19431;C21325;C21326;C22139
241_0916655	241.0916655	C01298
242_0186893	242.0186893	
242_0211393	242.0211393	
242_0338362	242.0338362	C10902;C16511;C16624
242_0782719	242.0782719	C00475;C02961;C05711;C16403
242_0950231	242.0950231	C06954;C07559;C13737;C14168;C14425;C18956;C19134
242_1144981	242.1144981	C04259
242_1508162	242.1508162	
242_9651671	242.9651671	C00753
243_015558	243.015558	C03671;C08476
243_0276561	243.0276561	C01099;C01131;C02147;C02730;C02985;C06369;C09271;C10496;C12264;C14106;C14107;C15556;C17479;C17480
243_0297918	243.0297918	C10065;C10082;C10094;C17214;C17215
243_0462494	243.0462494	C11690
243_0621799	243.0621799	C00299;C02067;C16745
243_083227	243.083227	C07013
243_171327	243.171327	C01255;C11332
244_013877	244.013877	C02703;C10902;C16624;C17949;C19060
244_0314819	244.0314819	
244_059109	244.059109	C02852;C07708;C12067;C14433;C18953
244_0655419	244.0655419	C11181
244_1301895	244.1301895	C19047
244_1665626	244.1665626	
245_0779235	245.0779235	C13672
245_0852051	245.0852051	C14938
245_9692085	245.9692085	
246_0467088	246.0467088	C11772;C18759
246_065973	246.065973	C07207;C19574;C21712
246_1094709	246.1094709	C20234
246_1458776	246.1458776	
246_9727682	246.9727682	C08460
246_9917425	246.9917425	C19464
247_0279537	247.0279537	C01748;C02161;C06678;C12143
247_0781569	247.0781569	C07448
247_0811766	247.0811766	C00386;C16589
247_0935422	247.0935422	C20918;C20920
247_1008661	247.1008661	C11801;C14443
247_9951078	247.9951078	C03287;C03734;C05765
248_008826	248.008826	C07752;C13280;C16392;C16393
248_0540115	248.0540115	C00826
248_0652453	248.0652453	C00881;C21554
248_1325188	248.1325188	C11081;C17251;C18717
248_9274043	248.9274043	C06646
249_0212122	249.0212122	C18794;C18817
249_0468302	249.0468302	
249_0550055	249.0550055	C00669;C14617;C19254;C20289
249_0801226	249.0801226	C06536;C14443;C17220;C17222;C17223;C18436
250_0366069	250.0366069	C03169;C05353;C17938
250_0835072	250.0835072	C10897;C14312;C18810;C18814
250_1159744	250.1159744	
250_1199084	250.1199084	C19477
250_9171911	250.9171911	C07269
250_963801	250.963801	C19268
251_0079249	251.0079249	C13673
251_03419	251.03419	C10374;C20289
251_1123851	251.1123851	C11913
251_989152	251.989152	
252_03023	252.03023	C08272
252_0829005	252.0829005	C18780
252_0991325	252.0991325	C06996;C12842;C19564
252_1156825	252.1156825	
252_1316202	252.1316202	
252_996891	252.996891	C13668
253_0094459	253.0094459	C01068;C02895;C03509;C06721;C19674
253_0179469	253.0179469	
253_0335337	253.0335337	
253_0707295	253.0707295	C00779;C01494;C02379;C05945;C09974;C10470;C10477;C11233;C12204;C16982
253_0805566	253.0805566	C01410;C03415;C04390;C15767;C21015
253_1280104	253.1280104	
253_1364868	253.1364868	C09729;C09730;C09737;C09744;C09745;C09938;C16779;C16966;C17090;C17494;C17501;C17914;C17954;C19677;C19939;C20262;C20308;C22013
253_1389265	253.1389265	
254_0458723	254.0458723	C11110;C18590
254_1147841	254.1147841	C19247;C19581
254_1313612	254.1313612	C09949;C10171
255_0463299	255.0463299	C17228
255_0598698	255.0598698	C20913;C21396;C21559;C22073
256_0003787	256.0003787	
256_0591826	256.0591826	C00140;C00645;C00864;C01132;C02711;C03136;C03878;C05021;C13734;C17942;C20328;C21036;C21039;C21049;C21052;C21061;C21216
256_0938224	256.0938224	C02997;C12245;C19430
256_1106593	256.1106593	C05204;C09375;C09949;C10142;C10171;C13252
256_1300989	256.1300989	C18954
256_9114785	256.9114785	C21753
257_0567248	257.0567248	C07910
257_061819	257.061819	
257_0753122	257.0753122	
257_0777644	257.0777644	C04771;C05131;C06660;C16744;C22140
257_0851447	257.0851447	
258_0393018	258.0393018	C00140;C00352;C00645;C01102;C01132;C01283;C02587;C02711;C03136;C03783;C03878;C05021;C05702;C06156;C06377;C12147;C12213;C12214;C12215;C20328;C21036;C21039;C21049;C21052;C21061;C22029;C22237
258_0480719	258.0480719	
258_0572803	258.0572803	
258_0661511	258.0661511	C07525;C18668;C19563;C19566;C19602
258_0842264	258.0842264	
258_0896553	258.0896553	C09375;C10142;C12058;C13138;C16704
258_1178116	258.1178116	
258_146752	258.146752	
258_1831364	258.1831364	C07968;C21573
258_9457719	258.9457719	
259_0233327	259.0233327	C00085;C00092;C00103;C00275;C00279;C00446;C00636;C00663;C00668;C01002;C01094;C01097;C01113;C01171;C01172;C01177;C02655;C02888;C02962;C02965;C03109;C03251;C03267;C03384;C03394;C03546;C03604;C03606;C03654;C03735;C03811;C04006;C05001;C05345;C06019;C06155;C06312;C15924;C15926;C18096;C18984;C19272;C21285;C21286
259_1016414	259.1016414	
259_9857417	259.9857417	
260_046069	260.046069	C11095
260_0632762	260.0632762	
260_1013857	260.1013857	C20698
260_1051611	260.1051611	C07129;C07533;C08310;C10868;C18722;C18864
260_1259854	260.1259854	C07053;C10348;C11770
260_1333651	260.1333651	
260_8628922	260.8628922	
260_8836681	260.8836681	
260_9821741	260.9821741	
260_9892594	260.9892594	
261_0976768	261.0976768	C00884;C01262;C04067;C04138
261_1173569	261.1173569	C07540;C19260
262_0253224	262.0253224	
262_0941052	262.0941052	C12986;C15383;C20706
262_1009104	262.1009104	
262_1168964	262.1168964	
262_1208068	262.1208068	C00977;C21199
262_9521745	262.9521745	C17389
263_0744243	263.0744243	C11801;C18436
263_1132438	263.1132438	C04586;C04587
263_121742	263.121742	
264_0473517	264.0473517	
264_1165693	264.1165693	C11707
264_1325752	264.1325752	
264_1364526	264.1364526	C10944;C20643
265_0119898	265.0119898	C06581;C10065;C10082;C10094;C18305;C18310;C20954
265_0484241	265.0484241	C05901;C08466;C08506;C08743;C09778;C10273;C12090;C14283
265_1288866	265.1288866	
265_9960717	265.9960717	C06821;C18463
266_0057208	266.0057208	
266_0767396	266.0767396	
266_0889168	266.0889168	C00212;C00330;C00579;C06469;C07210;C08507
266_0904355	266.0904355	C00212;C00330;C07210
266_1131378	266.1131378	
267_0260375	267.0260375	C03274
267_0744067	267.0744067	C00294;C01410;C03137;C03415;C04390;C07829;C15767;C21015
267_0971115	267.0971115	C11571;C19972;C20424;C22254
267_0995187	267.0995187	C00328;C01718;C02206;C02678;C05647;C09287;C09292;C09300;C09394;C09476;C09545;C09601;C09605;C09606;C14523;C17085;C17490;C17912;C19143;C19461
267_1108775	267.1108775	C02267;C09213
268_0505444	268.0505444	C19542
268_0776756	268.0776756	
268_9746585	268.9746585	C14404
269_044309	269.044309	C01477;C02495;C06563;C08730;C10023;C10037;C10044;C10113;C10294;C10343;C10369;C10376;C10379;C10397;C14313;C14314;C15222;C16598;C16600;C16796
269_0628697	269.0628697	C17232
269_1127506	269.1127506	
269_9917068	269.9917068	C07752
270_0368693	270.0368693	C03225;C11255
270_0480297	270.0480297	
270_0624292	270.0624292	C04720;C05654;C08538
270_0662248	270.0662248	
270_0758986	270.0758986	C04208;C10923;C13646;C14952;C15457
270_110444	270.110444	C07207;C10169;C15032;C20983
271_0379277	271.0379277	C00669;C09313;C09958;C10426;C17917
271_0599799	271.0599799	C00509;C01263;C01592;C03567;C06561;C06953;C08578;C09047;C09614;C09751;C09826;C12087;C14458;C15567;C16232;C16765;C17673;C20463
271_0734404	271.0734404	C02161;C09007;C12457;C14589;C18036;C21409
271_0785235	271.0785235	C07261
272_0079122	272.0079122	
272_0151414	272.0151414	C11255
272_0195214	272.0195214	C18963
272_046104	272.046104	C18656
272_0633124	272.0633124	
272_0818661	272.0818661	
272_0998631	272.0998631	
272_1624469	272.1624469	C07035;C17464;C20279
272_9703527	272.9703527	
273_0389911	273.0389911	C00672;C00673;C01187;C02333;C04359;C06953;C11437;C16637;C20463;C21063;C21204;C22280
273_0557656	273.0557656	C07261;C11188
273_0810434	273.0810434	
273_1213379	273.1213379	C03296
274_012421	274.012421	
274_0220605	274.0220605	
274_0400072	274.0400072	C04201;C07525;C11095
274_0617992	274.0617992	
274_078972	274.078972	
274_1053231	274.1053231	C05283;C18048;C22030
274_1127467	274.1127467	C12454
274_1417343	274.1417343	C21730;C21776;C22249
274_8786041	274.8786041	
274_9797791	274.9797791	C16196
274_9923975	274.9923975	C00491;C01420;C18745
274_9944716	274.9944716	C00491;C01420;C03175;C17697
275_0711788	275.0711788	C02954;C19037;C20286;C20384;C20387
275_0965013	275.0965013	C03305;C09023;C11485
275_1328472	275.1328472	C09054;C20408
275_9656096	275.9656096	
276_0083507	276.0083507	C18672
276_0308858	276.0308858	C06837;C21295
276_0407443	276.0407443	C04229;C08574
276_0998377	276.0998377	C07053;C10348;C11770;C11841;C14900;C14901
276_1362262	276.1362262	C06960;C10869
276_9561635	276.9561635	C12491
276_9593473	276.9593473	
277_0901142	277.0901142	
277_0922419	277.0922419	C08561;C20577;C22025
277_1121521	277.1121521	C09054;C09897;C17228;C17230;C17231;C20408
277_148463	277.148463	C09876
277_1563647	277.1563647	C02453;C08309;C14239;C17676;C22043
278_0352803	278.0352803	
278_1154715	278.1154715	C10591;C10869;C12243;C21200
279_039585	279.039585	C00214;C00299;C01267;C02067;C07910;C16745;C19431;C22139
279_1079753	279.1079753	
280_0089256	280.0089256	C19006
280_0211437	280.0211437	C00352;C01283;C03783;C06156;C06377;C12213;C12214;C22029;C22237
280_043039	280.043039	
280_1045325	280.1045325	C00140;C00645;C01132;C02494;C02587;C02711;C03136;C03878;C05021;C05031;C20328;C21036;C21039;C21049;C21052;C21061
280_1114124	280.1114124	C10848;C10944;C11381;C20643
281_0052049	281.0052049	C00085;C00092;C00103;C00275;C00446;C00636;C00663;C00668;C01002;C01094;C01097;C01113;C01171;C01172;C01177;C02888;C02962;C02965;C03251;C03267;C03384;C03546;C03606;C03654;C03735;C03811;C04006;C05001;C05345;C06019;C06155;C06312;C15924;C15926;C18096;C18984
281_0112853	281.0112853	
281_0134999	281.0134999	C12829;C14246;C14248;C14354;C14355;C14356
281_0245909	281.0245909	C07320
281_0367507	281.0367507	C00120;C20818
281_0604	281.0604	C14938;C21731
281_073805	281.073805	
281_0899728	281.0899728	C02243;C10605;C19972;C20424;C22254
281_1126111	281.1126111	C02628
281_1238426	281.1238426	
281_1321955	281.1321955	C08450;C10793;C17447
282_0090058	282.0090058	C10986;C11290
282_0368423	282.0368423	
282_0391545	282.0391545	C05931;C11342;C12987;C18402;C19096;C19897
282_0705565	282.0705565	
282_0851504	282.0851504	C00387;C08432;C18864
282_1078807	282.1078807	
282_5226835	282.5226835	
282_5722489	282.5722489	
282_9118354	282.9118354	
282_9584793	282.9584793	
282_9732267	282.9732267	
283_0587055	283.0587055	C18688
283_068995	283.068995	C01762;C19272;C19972;C20424;C22254
283_0784226	283.0784226	
283_0886119	283.0886119	
283_1056379	283.1056379	C01677;C07844;C09232
283_1283541	283.1283541	C07379;C07404
284_007045	284.007045	C05155
284_0521787	284.0521787	C07999
284_0618546	284.0618546	
284_0816695	284.0816695	
284_1232656	284.1232656	C05721
284_16211	284.16211	C01833;C07153;C09851;C09864;C09943;C18949
284_9343873	284.9343873	
285_0554549	285.0554549	
285_0574447	285.0574447	C17222;C17223
285_0751848	285.0751848	C10427
285_0938169	285.0938169	
285_5368269	285.5368269	
285_9320613	285.9320613	
286_0298948	286.0298948	
286_0913182	286.0913182	C03795
286_0971139	286.0971139	
286_120622	286.120622	C09571;C13796;C17463;C18912
286_1889057	286.1889057	
286_9051254	286.9051254	C07165
286_9234102	286.9234102	
286_9310568	286.9310568	C11146
286_9492258	286.9492258	
286_9935308	286.9935308	C01691;C18512
287_0114077	287.0114077	C00669;C10374;C10999
287_0299823	287.0299823	C08506;C17242
287_0544144	287.0544144	C01107;C01736;C05512;C15586;C18911;C20847;C21102
287_110298	287.110298	
287_1327699	287.1327699	
287_1365324	287.1365324	C06656;C11696
287_9653749	287.9653749	
287_9776881	287.9776881	
288_0770999	288.0770999	C05353
288_0942676	288.0942676	C05253
288_1206074	288.1206074	C10137;C11077;C20917;C20919;C21016
288_1318623	288.1318623	C19843
288_9734111	288.9734111	C18512
289_0336137	289.0336137	C00117;C00199;C00231;C00620;C01101;C01112;C01736;C03291;C03736;C03737;C03906;C05382;C05512;C06222;C06238;C06239;C06441;C06814;C07836;C07838;C15586;C18655;C19878;C19880;C19882;C20956;C21102
289_0359486	289.0359486	
289_0682836	289.0682836	C05401;C11546
289_0722011	289.0722011	C03648;C05907;C06356;C06562;C07718;C07725;C07819;C08739;C08742;C09030;C09049;C09511;C09727;C09728;C09736;C09787;C09796;C12085;C14079;C16263;C17590;C18216
289_0782309	289.0782309	C07846;C11571
289_0806166	289.0806166	C11800;C19461
289_0866997	289.0866997	C14213;C20817
289_1046957	289.1046957	C04421;C20921
289_1096733	289.1096733	C05570;C19107
289_1158889	289.1158889	C03406
289_1484573	289.1484573	C14135
290_0023373	290.0023373	
290_0239388	290.0239388	C14264;C14620;C14920
290_03763	290.03763	
290_1049982	290.1049982	
290_1363353	290.1363353	C06996;C20915
290_9104242	290.9104242	
290_9570871	290.9570871	C02812
291_1640993	291.1640993	C17933
291_9428267	291.9428267	
291_9620324	291.9620324	C11169
292_0178283	292.0178283	C03225
292_0397117	292.0397117	
292_0728444	292.0728444	
292_0761136	292.0761136	C16518
292_0922661	292.0922661	
292_1308559	292.1308559	C10843;C18868
292_1673441	292.1673441	C06947;C08396
292_8799961	292.8799961	C00536
292_905786	292.905786	
292_9604071	292.9604071	
292_9768604	292.9768604	C15189
292_9905172	292.9905172	
293_087272	293.087272	C08570;C16598;C16600;C21186
293_1069724	293.1069724	C09131;C09240;C09866;C20437;C20521;C21897
293_1148426	293.1148426	C09003;C11045;C14719;C14888;C15153;C21203
293_5344453	293.5344453	
293_9743821	293.9743821	
294_024259	294.024259	
294_0411127	294.0411127	
294_0617957	294.0617957	C10849;C11468;C15522;C21007
294_0904226	294.0904226	C10591;C12243;C12253;C16701;C16721
294_1098997	294.1098997	C06531;C06532;C10711;C12173;C12180;C12232;C16702;C21635
294_119715	294.119715	C03416
294_9219373	294.9219373	
294_9370174	294.9370174	
294_9641099	294.9641099	C01236;C01286;C04442;C06893;C18574;C20668
295_052904	295.052904	C19031;C20386;C20819
295_0591573	295.0591573	C00670;C00774;C08929;C08948;C09029;C09320;C09735;C09952;C12122;C12124;C12128;C13767;C16415
295_0889932	295.0889932	
295_1124278	295.1124278	
295_9856925	295.9856925	C01075
295_9936876	295.9936876	C00352;C01283;C03783;C06156;C06377;C12213;C12214;C22029;C22237
296_0241508	296.0241508	
296_0519994	296.0519994	
296_0627633	296.0627633	
296_0857667	296.0857667	C05283;C18048
296_1230247	296.1230247	C21730;C22249
296_587428	296.587428	
296_9270069	296.9270069	
297_0445839	297.0445839	
297_0551691	297.0551691	
297_0750984	297.0750984	C09489;C09582;C09584;C09926;C17483;C17838;C20407
297_0842191	297.0842191	C02333;C11113
297_0935418	297.0935418	
297_1169006	297.1169006	
297_5858955	297.5858955	
297_9593803	297.9593803	
297_986061	297.986061	
298_0223876	298.0223876	C07140;C13731
298_0361421	298.0361421	
298_0397508	298.0397508	C07650
298_0584791	298.0584791	C18864
298_0784567	298.0784567	C11114
298_0826772	298.0826772	
298_1022934	298.1022934	C11593
298_1774187	298.1774187	C07187;C19129
298_5842751	298.5842751	
298_9497886	298.9497886	C11811
299_0905281	299.0905281	C09302;C09354;C09363;C09379;C09485;C09983;C19537;C20397
299_1226999	299.1226999	
299_1325072	299.1325072	C09036
299_925681	299.925681	
300_0015868	300.0015868	C07140
300_0492331	300.0492331	C00357;C04256;C04257;C04501;C06376;C11500;C18055;C18060;C20706
300_0941404	300.0941404	C18734
300_1067157	300.1067157	
300_12032	300.12032	C03592;C10947;C14526;C17007;C18626
300_1358426	300.1358426	C04291;C06971;C07153;C09851;C09864;C09943;C10677;C10698;C13675;C18949
300_1385992	300.1385992	C07153;C09851;C09864;C09943;C18949
300_1565737	300.1565737	C02487
300_1641329	300.1641329	
300_1930983	300.1930983	
300_8773858	300.8773858	
300_9204341	300.9204341	
300_9464292	300.9464292	
300_9730208	300.9730208	C02740;C21771
301_0213542	301.0213542	
301_0267766	301.0267766	C18252
301_047828	301.047828	C07323;C10427
301_0526075	301.0526075	C12189;C17226;C17227
301_0729894	301.0729894	C01709;C09756;C09931;C10322;C10377;C10419;C11425;C11426;C12436;C16209;C16210;C16405;C19346
301_1100341	301.1100341	C09036;C09052;C18425
301_1519526	301.1519526	
301_5315423	301.5315423	
301_9904489	301.9904489	C18775;C19006
302_0025629	302.0025629	
302_0664355	302.0664355	C00212;C00330;C03795;C07210;C10714
302_104457	302.104457	
302_1359534	302.1359534	C05324;C06685
302_1472259	302.1472259	
302_5337566	302.5337566	
302_8744507	302.8744507	
302_9273671	302.9273671	
302_9358654	302.9358654	
302_9887637	302.9887637	
303_0190076	303.0190076	C12119;C12120;C16606;C17879
303_0230298	303.0230298	
303_0354605	303.0354605	C11631;C13698
303_0512928	303.0512928	C00294;C01617;C02957;C05911;C10065;C10082;C10094;C12316
303_0624642	303.0624642	C10029;C10244;C11265;C15052
303_0836389	303.0836389	C00299;C00939;C02067;C12270;C16745;C19013
303_0885685	303.0885685	C05901;C08466;C08740;C08743;C08761;C09778;C10273;C12090;C14283;C18354;C18356;C18360;C18836
303_0934022	303.0934022	C08437;C11262;C14324;C14470;C19381
303_1311786	303.1311786	C01682;C06657
303_5356253	303.5356253	
303_9424078	303.9424078	
304_0086387	304.0086387	
304_0342597	304.0342597	C00941;C02354
304_052933	304.052933	C19221
304_0634464	304.0634464	
304_0868292	304.0868292	C09160;C10925;C10928;C19412;C19459
304_0920072	304.0920072	
304_1152654	304.1152654	
304_1202999	304.1202999	C07484
304_1516402	304.1516402	C10263;C10403;C21256;C21257
304_5263045	304.5263045	
304_896941	304.896941	
304_9506945	304.9506945	
305_0868804	305.0868804	C01677
305_1042386	305.1042386	C09000;C09210;C09259;C09276;C09278;C17672;C19707;C21323;C21731
305_1430153	305.1430153	
305_958122	305.958122	
306_0186545	306.0186545	C10668
306_0330874	306.0330874	
306_0550032	306.0550032	C04208;C11290;C15122;C15457
306_0767738	306.0767738	C00051;C07372;C08163;C12392;C14406;C14421;C19276;C19476;C20293
306_0835215	306.0835215	C01169;C05931
306_1075548	306.1075548	C19429
306_9392109	306.9392109	
306_9900042	306.9900042	C18380
307_0056922	307.0056922	C07486
307_0372875	307.0372875	C00509;C01263;C01592;C01729;C03567;C06561;C08578;C08993;C09047;C09053;C09269;C09614;C09751;C09826;C09939;C10503;C12087;C14458;C15531;C15567;C16232;C16419;C16976;C17673;C18395;C18511
307_0525467	307.0525467	C06664;C07148;C18282;C18283;C18462;C19036
307_0678109	307.0678109	C03003
307_0801359	307.0801359	C01451;C16964;C17599;C17934
307_0859495	307.0859495	C18942
307_0901294	307.0901294	C07309;C19489;C19561;C19604
307_1026656	307.1026656	
307_9590966	307.9590966	C19005
307_9897005	307.9897005	
308_0455036	308.0455036	
308_072816	308.072816	
308_0989868	308.0989868	C00270;C01136;C03525;C19909;C19910;C21053
308_1059925	308.1059925	C06531;C06532;C10711;C10843;C12173;C12180;C12232;C16702;C18868;C21635
308_1253762	308.1253762	C06991;C07239;C08526;C09223;C11782;C12195
308_9140481	308.9140481	
308_9275768	308.9275768	C18935
308_9375941	308.9375941	
308_9524146	308.9524146	C16193;C16194
308_9753507	308.9753507	
309_0521296	309.0521296	C00774;C04547;C08929;C08948;C09014;C09029;C09320;C09644;C09735;C09952;C10340;C10372;C10540;C12122;C12124;C12128;C13767;C16225;C16415;C18133;C18743
309_0682743	309.0682743	C07309;C15230;C19489;C19561;C19604;C20820
309_0794359	309.0794359	C09240;C11096
309_0911347	309.0911347	C09003;C10256;C14719;C14888;C15153
309_1046307	309.1046307	C14278
309_1092541	309.1092541	
309_1225246	309.1225246	C11494;C11495
309_9593601	309.9593601	
309_9891466	309.9891466	
310_0090783	310.0090783	C20589
310_0397478	310.0397478	
310_0605419	310.0605419	
310_0676246	310.0676246	
310_0716153	310.0716153	C19458
310_1022913	310.1022913	C20917;C20919;C21016
310_1080575	310.1080575	C09322;C09398;C10629
311_0037234	311.0037234	
311_0176308	311.0176308	
311_0237968	311.0237968	
311_049975	311.049975	
311_0543119	311.0543119	C03648;C05907;C06562;C08512;C08739;C08742;C09030;C09511;C09727;C09728;C09736;C09787;C09796;C14079;C17590;C18825
311_9586989	311.9586989	
311_9708557	311.9708557	
311_9750282	311.9750282	
312_0016157	312.0016157	
312_0167705	312.0167705	
312_0191774	312.0191774	
312_0517708	312.0517708	C00968;C19232
312_0553257	312.0553257	C18972
312_0575566	312.0575566	C18657
312_0761245	312.0761245	
312_0951976	312.0951976	C05926;C21730;C22249
312_117935	312.117935	C20915
312_9497905	312.9497905	C20440
312_9561271	312.9561271	
312_9924721	312.9924721	
313_0663269	313.0663269	C00284;C21552
313_0985112	313.0985112	C00831;C18613
313_138358	313.138358	
313_5184116	313.5184116	
313_9743279	313.9743279	
314_0172208	314.0172208	
314_0535498	314.0535498	
314_0623834	314.0623834	C02892
314_0648098	314.0648098	C01449;C04424;C11110;C12256
314_097201	314.097201	
314_1046683	314.1046683	C07062;C08528;C12199;C14622;C15120;C18479
314_1334085	314.1334085	
314_1359635	314.1359635	C17364;C18898;C19247
314_1723086	314.1723086	C04875;C07892;C16138;C20216
314_2087221	314.2087221	
314_8930298	314.8930298	
314_9001415	314.9001415	
314_9884466	314.9884466	
315_0055837	315.0055837	
315_0354776	315.0354776	C17132;C17133;C17136
315_0419893	315.0419893	C06981;C15189
315_0486424	315.0486424	C08561;C17017;C20577;C21205;C21209;C21218;C21367;C21415
315_0685485	315.0685485	C08570;C14893;C17230;C17231;C21186
315_0882794	315.0882794	C04271;C08650;C09762;C09827;C10204;C10262;C10457;C14969;C15609;C16404;C16760;C16914;C16925;C17126;C18256
315_0962127	315.0962127	C05841;C11045
315_1156794	315.1156794	
315_1270825	315.1270825	C06975
315_1672138	315.1672138	
315_9574683	315.9574683	C01783
315_9832774	315.9832774	
316_0059103	316.0059103	C15427
316_022658	316.022658	
316_0395107	316.0395107	C02892;C10689;C15048
316_0714843	316.0714843	
316_0753594	316.0753594	C09338;C10572;C12236;C16612;C16997
316_0915894	316.0915894	C13753
316_116575	316.116575	
316_1196546	316.1196546	C07149;C10166;C12168;C12174;C12181;C12239;C21634
316_1512586	316.1512586	
316_1587063	316.1587063	
316_1665295	316.1665295	
316_187658	316.187658	
316_5315185	316.5315185	
316_8622861	316.8622861	
316_8897255	316.8897255	
316_9329285	316.9329285	
316_942704	316.942704	
316_9506878	316.9506878	
316_9676371	316.9676371	
317_0040222	317.0040222	
317_0341992	317.0341992	C14265;C16996;C20282;C20283
317_0778047	317.0778047	C00939;C07910
317_1039338	317.1039338	C08465;C09273;C09283;C09618;C09980;C10268;C10352;C13633;C14115;C16929;C17453;C17456
317_1198669	317.1198669	C19031
317_1464414	317.1464414	
317_9753295	317.9753295	C18551
318_0048442	318.0048442	
318_0073741	318.0073741	
318_0239073	318.0239073	C11501
318_033497	318.033497	C02809;C18669;C18801;C21883
318_0557571	318.0557571	
318_0629343	318.0629343	C00170
318_068251	318.068251	C14599
318_0957591	318.0957591	C11692;C22195
318_10727	318.10727	
318_1305094	318.1305094	C05939
318_135568	318.135568	C12253;C16701;C16721
318_8593842	318.8593842	
318_9122128	318.9122128	
318_9296449	318.9296449	
318_9422136	318.9422136	
318_9468609	318.9468609	
318_999717	318.999717	
319_0215703	319.0215703	C10202;C10467;C16226;C19587;C19727
319_0565185	319.0565185	C00939
319_0716779	319.0716779	
319_0909969	319.0909969	C20674
319_0996077	319.0996077	
319_1081441	319.1081441	C09329
319_1195067	319.1195067	C06079;C09298;C09373;C09392;C09495;C09680;C09923;C13634;C16812;C20380;C21422
319_1257006	319.1257006	C07172;C22074
319_96924	319.96924	
319_9909795	319.9909795	
320_0005708	320.0005708	C18893
320_0176083	320.0176083	
320_0702311	320.0702311	C01735;C06665;C08163;C10634;C10643
320_1228684	320.1228684	
320_9545384	320.9545384	
321_0052238	321.0052238	C00918
321_0372158	321.0372158	C04293;C05902;C08651;C10038;C10058;C10098;C10203;C10520;C10534;C12135;C16227;C16228;C16230;C17059;C17811
321_0491413	321.0491413	C00364
321_0678542	321.0678542	C14852;C18270;C18275;C18276;C18284;C18285;C19375
321_9743887	321.9743887	C18907
322_0444679	322.0444679	C00055;C03104;C05822;C22293
322_0608043	322.0608043	
322_0781771	322.0781771	C05721;C18734
322_1406507	322.1406507	
322_6251359	322.6251359	
322_8713029	322.8713029	
322_9164261	322.9164261	
322_9241379	322.9241379	
322_9293012	322.9293012	
322_955183	322.955183	
323_0284269	323.0284269	C00105;C01168;C01368;C03031;C07323
323_067251	323.067251	C07558
323_0762786	323.0762786	
323_0947906	323.0947906	C07366;C17720;C18425
324_0217148	324.0217148	C10147;C13749;C18973
324_0243478	324.0243478	C05908;C08646;C18973
324_0318048	324.0318048	
324_0370271	324.0370271	C18852
324_0399402	324.0399402	
324_0511986	324.0511986	
324_0704945	324.0704945	C05253;C07524;C08331
324_082929	324.082929	C16625;C20026
324_0981286	324.0981286	C11329;C20917;C20919;C21016
324_1175895	324.1175895	C05324;C06935;C08071
324_1287412	324.1287412	
324_1929248	324.1929248	C19951
324_5289925	324.5289925	
324_8988591	324.8988591	C12059
325_0187635	325.0187635	
325_0329085	325.0329085	C01617;C05911;C10595;C11111;C12316
325_0390307	325.0390307	C06639;C14905;C19017;C19023;C20993
325_0651931	325.0651931	C12270;C14213;C19013
325_9999155	325.9999155	C00102;C07637
326_0169507	326.0169507	C00941;C02354
326_0344681	326.0344681	
326_0426608	326.0426608	C08531;C09347;C10631;C20559
326_0706029	326.0706029	C10956;C16446;C18403
326_1044603	326.1044603	C17839
326_1104815	326.1104815	C00212;C00330;C06469;C07210;C08507
326_9410987	326.9410987	
326_9539509	326.9539509	
326_9869533	326.9869533	
327_0203462	327.0203462	C14292;C19070
327_0228236	327.0228236	C11064
327_0460572	327.0460572	
327_0882351	327.0882351	C00858;C09479;C10414;C10734;C10735;C11621;C12125;C14985;C14986;C15110;C15203;C16188;C16189;C17475
327_1138471	327.1138471	
327_1672812	327.1672812	C05010
327_972151	327.972151	C18892
327_9747866	327.9747866	
328_0325139	328.0325139	C00239
328_0450796	328.0450796	C00575;C02353;C02507;C04133;C04521;C04580;C08341;C08533;C18661;C19007;C19289;C22275
328_0496259	328.0496259	
328_0583055	328.0583055	C00051;C12256;C12392
328_068851	328.068851	C19373
328_0776857	328.0776857	
328_0915458	328.0915458	C20915
328_1706694	328.1706694	C19144
328_1875732	328.1875732	
328_8727492	328.8727492	
328_9155063	328.9155063	
328_9505255	328.9505255	
328_9686271	328.9686271	
328_975687	328.975687	
328_9954502	328.9954502	C14423;C14424;C19234;C19235;C19408
329_0038888	329.0038888	C00113;C14510
329_0213144	329.0213144	
329_0360586	329.0360586	C06981
329_0716112	329.0716112	
329_0841778	329.0841778	
329_1038198	329.1038198	C01729;C08781;C08993;C09053;C09269;C09939;C10503;C14894;C14997;C15019;C15531;C16419;C16976;C17413;C18511;C18927;C21802
329_1427221	329.1427221	C06528;C09149;C11379;C11635;C16735
329_1828144	329.1828144	
329_627977	329.627977	
329_9366916	329.9366916	
329_9416919	329.9416919	
330_0117737	330.0117737	C18735
330_0570431	330.0570431	C01608;C03225
330_0681176	330.0681176	C11685
330_0874772	330.0874772	
330_1071461	330.1071461	C07270
330_2032472	330.2032472	
330_939043	330.939043	C04175;C06248
330_9660049	330.9660049	
330_9832809	330.9832809	
331_0195293	331.0195293	C01359;C01692
331_0361309	331.0361309	C18743
331_0497514	331.0497514	C07630;C19403
331_0608231	331.0608231	C07756;C10355;C11096;C12331
331_0933965	331.0933965	C03218;C14589;C21409
331_1195061	331.1195061	C04547;C09014;C09644;C10340;C10372;C10540;C16225;C18133
331_162112	331.162112	
331_5549252	331.5549252	
331_630323	331.630323	
331_984029	331.984029	C11100
331_9866325	331.9866325	
332_0837601	332.0837601	C07319
332_0967379	332.0967379	
332_1228336	332.1228336	C16985
332_1319668	332.1319668	
332_1650659	332.1650659	C11840;C15458;C21201
332_8975393	332.8975393	
332_9102649	332.9102649	
332_9201352	332.9201352	C18574
332_9668175	332.9668175	
333_0109876	333.0109876	
333_0313699	333.0313699	
333_037175	333.037175	C00994;C02007;C06800;C10201;C17010;C20444
333_0590669	333.0590669	C01225;C04359;C04641;C04703;C10517;C21204
333_949023	333.949023	
333_9848978	333.9848978	
334_0331719	334.0331719	C00968
334_0623968	334.0623968	C06665
334_1248498	334.1248498	C04540;C05283;C18048
334_1384468	334.1384468	
334_9171881	334.9171881	
334_9700838	334.9700838	
334_9866647	334.9866647	C19600
335_0125261	335.0125261	
335_0364345	335.0364345	C07125;C07590;C11185;C11566;C19090
335_0421497	335.0421497	C00341;C01185;C02569;C03190;C04485;C05308;C17114;C18051;C18052;C20664
335_0479657	335.0479657	C17370;C21552
335_0607748	335.0607748	
335_0835542	335.0835542	
335_1141884	335.1141884	C09489;C09582;C09584;C09926;C17483;C17838;C20407;C20962
336_0078184	336.0078184	
336_016188	336.016188	C03953;C04132;C04255;C16265;C18689
336_0425589	336.0425589	C06665;C21882;C21884
336_046414	336.046414	C16352
336_0601082	336.0601082	C03997;C07953;C08729
336_0787763	336.0787763	
336_1404418	336.1404418	
336_5208408	336.5208408	
336_8869228	336.8869228	
336_9085726	336.9085726	
336_9320521	336.9320521	C14431
336_9397921	336.9397921	
336_9448195	336.9448195	
336_9613964	336.9613964	
336_9674573	336.9674573	
336_9708469	336.9708469	
336_9744954	336.9744954	C10394;C10788
337_0440421	337.0440421	C04437;C19375
337_0629076	337.0629076	C14853
337_0977945	337.0977945	C19530
337_1104411	337.1104411	C17729
337_9786714	337.9786714	
338_0399519	338.0399519	C04751;C15667
338_0527147	338.0527147	C18734
338_055618	338.055618	
338_1137746	338.1137746	C02487;C05324
338_1331647	338.1331647	C15028
338_9145543	338.9145543	
338_929358	338.929358	C06636;C14714
339_0342133	339.0342133	
339_0597389	339.0597389	C11259;C12270;C15486;C19013;C19174;C19222;C19223;C19390;C19393;C19394;C19465;C19466;C19467
339_0649876	339.0649876	C08740;C08761;C09807;C10495;C10507;C12398;C14286;C17400;C18354;C18356;C18360;C18836;C20073
339_9405406	339.9405406	
339_993882	339.993882	
340_0056484	340.0056484	
340_015602	340.015602	
340_0326465	340.0326465	
340_0502195	340.0502195	C07693;C07825;C13752;C15427
340_0863626	340.0863626	C07435;C09187;C13826
340_0944271	340.0944271	C01416;C01851;C07487;C08523;C11567;C12172;C18800
340_1124683	340.1124683	C15028
340_1199906	340.1199906	C09338;C09380;C10572;C12236;C16997;C18476
340_8954323	340.8954323	
340_9162762	340.9162762	
340_9568301	340.9568301	
340_9772586	340.9772586	
341_0254357	341.0254357	C18547
341_0468448	341.0468448	C21671
341_0619981	341.0619981	C18469
341_104005	341.104005	C06979;C10029;C10244;C10648;C14472;C15052;C15076;C18678;C21801
341_9878642	341.9878642	
341_9905207	341.9905207	C00941;C02354
342_0082754	342.0082754	
342_0481818	342.0481818	C03495;C07943
342_0655546	342.0655546	C05252;C19373
342_0876022	342.0876022	C18598;C21136
342_107327	342.107327	C21256;C21257
342_1356609	342.1356609	C01735;C10634
342_6213835	342.6213835	
342_8649134	342.8649134	C14190;C14376;C14380;C14733;C15248
342_8924252	342.8924252	
342_9312542	342.9312542	C18707
342_9660561	342.9660561	C14445
342_9787718	342.9787718	C06673
342_9842593	342.9842593	
343_0111703	343.0111703	C00365;C17177
343_0369765	343.0369765	
343_082984	343.082984	C00814;C01448;C01470;C01562;C02920;C04444;C10032;C10040;C10046;C10047;C10101;C10111;C10117;C10180;C10189;C10197;C10323;C10370;C10502;C10504;C10521;C10536;C11577;C14476;C14536;C16229;C17039;C17040;C17045;C19807
343_0910135	343.0910135	C01513;C01762;C19022
343_0996822	343.0996822	C06922;C13784
343_1195838	343.1195838	C09353;C09388;C10246;C10265;C10338;C10484;C15118
343_1621996	343.1621996	
343_1985523	343.1985523	
343_5286827	343.5286827	
343_9574512	343.9574512	
343_9797003	343.9797003	C07460
344_027385	344.027385	C00055;C03104;C05155;C05822
344_0303097	344.0303097	C05155;C18644
344_0400709	344.0400709	C00942;C01169;C06194;C07025
344_0600965	344.0600965	
344_0726688	344.0726688	C01081;C21518
344_1094765	344.1094765	C11002;C14316;C22293
344_1172224	344.1172224	C07219;C07372;C17380
344_1228913	344.1228913	C21255
344_1825439	344.1825439	C01833
344_2189231	344.2189231	
344_5096305	344.5096305	
344_5274305	344.5274305	
344_8813308	344.8813308	
344_981495	344.981495	
344_9990072	344.9990072	C01269
345_0485078	345.0485078	C08549;C19949
345_0765365	345.0765365	C07366
345_0791663	345.0791663	C04333;C04420;C07366
345_1349457	345.1349457	C00933;C01699;C09062;C09104;C09174;C09190;C09385;C09512;C09547;C09646;C10526;C11855;C11856;C11869;C14251;C14294;C20133
345_1778284	345.1778284	C21160
345_9494608	345.9494608	
346_947855	346.947855	
347_0030897	347.0030897	
347_047122	347.047122	C14235;C17396;C17398
347_052794	347.052794	C04164;C09502;C09528;C10074;C17471;C20445
347_0590642	347.0590642	C18693;C19413
347_1143741	347.1143741	C00933;C09471;C10292;C12435;C16187;C17412
347_1568888	347.1568888	C14561;C15437
347_9818683	347.9818683	C07637
347_9954046	347.9954046	
348_0004032	348.0004032	
348_0076717	348.0076717	
348_0599912	348.0599912	
349_0603658	349.0603658	C09358;C12767;C18895;C18971;C20235
349_0764937	349.0764937	C05995
349_099164	349.099164	C11268;C21663
349_1491824	349.1491824	C18602
349_9977044	349.9977044	C08088
350_0234694	350.0234694	C16628;C16629;C18466
350_0319153	350.0319153	C18513
350_0405041	350.0405041	
350_0484866	350.0484866	C06604;C11229
350_071646	350.071646	C09032
350_1557443	350.1557443	C20915
350_1721351	350.1721351	C08687;C09176;C12580;C18769
350_8984811	350.8984811	
350_9243241	350.9243241	
350_9476776	350.9476776	C19004
350_9770075	350.9770075	C11009
351_0452746	351.0452746	C14893;C17405
351_0518338	351.0518338	C09216;C15095;C18613
351_1148116	351.1148116	C15073;C18422
351_5174314	351.5174314	
351_9510118	351.9510118	
351_9937747	351.9937747	
352_0021497	352.0021497	
352_0114154	352.0114154	
352_0389345	352.0389345	C01608
352_0443287	352.0443287	C00360
352_0523283	352.0523283	
352_1487973	352.1487973	C18544
352_9448866	352.9448866	
353_0199682	353.0199682	C17935
353_0423208	353.0423208	C02868;C06857;C10204;C10355;C10457;C11706;C14969;C15504;C16914;C16925;C17126;C18423
353_0473778	353.0473778	C01158;C06499;C12600;C18804
353_0619474	353.0619474	
353_0753819	353.0753819	C17132;C17133;C17136
353_0805572	353.0805572	C01313;C02087;C06981;C09186;C09774;C17453;C17456;C20268
353_0845205	353.0845205	C18692
353_0950894	353.0950894	C11035;C13785;C18974
353_2545292	353.2545292	
353_9483006	353.9483006	
353_9519015	353.9519015	
354_0094622	354.0094622	C08164
354_0213316	354.0213316	C10932;C11745
354_031139	354.031139	C01690;C07117;C14951
354_0482173	354.0482173	C18730
354_0627449	354.0627449	C13751
354_1019095	354.1019095	C06687;C19012
354_1072913	354.1072913	
354_1281079	354.1281079	
354_9108188	354.9108188	
354_9319957	354.9319957	
354_9360748	354.9360748	C11323
354_9466551	354.9466551	
354_9723834	354.9723834	
355_0079614	355.0079614	C04606;C19020
355_0168556	355.0168556	C18485
355_0410197	355.0410197	C01225;C04641;C04703;C10517
355_043891	355.043891	C06906;C09770;C18347
355_0499882	355.0499882	C13703
355_0608308	355.0608308	C16938;C18739
355_0776152	355.0776152	
355_097165	355.097165	C06979
355_1245408	355.1245408	C14307;C15010
355_1985046	355.1985046	
355_9796554	355.9796554	C07041
356_0064354	356.0064354	
356_0240761	356.0240761	C05071
356_0272955	356.0272955	C18788;C19052
356_0638676	356.0638676	C21164
356_1032439	356.1032439	C00170;C21132;C21134
356_1145229	356.1145229	C09569
356_1208333	356.1208333	C05342
356_1436994	356.1436994	
356_9079587	356.9079587	
356_935283	356.935283	
356_981749	356.981749	C00918
356_9944232	356.9944232	
357_0227593	357.0227593	C01185
357_0268225	357.0268225	C00364;C18615
357_0589869	357.0589869	C10296;C10434;C17193;C18785
357_0987742	357.0987742	C00757;C10019;C10199;C10527;C15109;C17669;C18599;C18840
357_1778226	357.1778226	C06803
357_214218	357.214218	
358_010683	358.010683	
358_0430159	358.0430159	C03997;C10959;C21164
358_1731496	358.1731496	
358_2175888	358.2175888	
358_8502023	358.8502023	
358_8777694	358.8777694	
358_8972157	358.8972157	
358_9230674	358.9230674	
358_9436899	358.9436899	C18702
358_9616937	358.9616937	C00918;C20831
359_0145206	359.0145206	C18573
359_0923194	359.0923194	
359_1021212	359.1021212	C09326
359_1568105	359.1568105	C20962
359_1934725	359.1934725	
359_2203396	359.2203396	C06088;C09205;C14772;C14773;C14774;C14775
359_9650568	359.9650568	
360_0153388	360.0153388	C18852
360_0178904	360.0178904	C18500;C20939
360_0263053	360.0263053	C04871;C18881
360_0374757	360.0374757	
360_0597316	360.0597316	C03953;C04132;C04255;C16265
360_0652542	360.0652542	C05175;C10739;C11024;C13719
360_0713082	360.0713082	C00357;C03410;C04256;C04257;C04501;C06376;C18055;C18060
360_1150603	360.1150603	C18734;C21545
360_1176003	360.1176003	C01743;C18734;C20350
360_1523768	360.1523768	C11775;C16903
360_8666113	360.8666113	
360_8923157	360.8923157	
360_9199325	360.9199325	
361_0187074	361.0187074	C10788
361_0411132	361.0411132	C13833;C14235;C17722;C18762
361_0741771	361.0741771	C01093;C05403;C05731
361_1174557	361.1174557	C03712
361_172589	361.172589	
361_9610932	361.9610932	C11066
361_9926978	361.9926978	C18852
362_0110965	362.0110965	
362_023204	362.023204	C11293;C18720
362_0505244	362.0505244	C00144;C03410;C06193;C17244;C18239;C19968
363_0075014	363.0075014	C18547
363_0134408	363.0134408	C02750
363_0397165	363.0397165	C16805
363_0841685	363.0841685	C09294;C10717;C14472;C15076;C15451;C18678;C21801
363_0968515	363.0968515	C17939
363_1148985	363.1148985	C08437;C14324
363_1648728	363.1648728	
363_9768838	363.9768838	
363_98087	363.98087	
364_0110095	364.0110095	
364_0390423	364.0390423	C11235
364_0473895	364.0473895	
364_0736126	364.0736126	C18857
364_0873208	364.0873208	C07246;C11569
364_110019	364.110019	C18403
364_1212335	364.1212335	
364_148775	364.148775	C19144
364_1512741	364.1512741	C09555;C15430;C17592;C18598;C20712;C21631
364_1876559	364.1876559	
364_9142396	364.9142396	
364_9400556	364.9400556	
364_9695875	364.9695875	
364_9755297	364.9755297	C07017
365_9432777	365.9432777	
365_9733027	365.9733027	
366_00947	366.00947	C14949;C14950;C18892
366_0220846	366.0220846	C00942;C06194;C07025;C11229
366_0271175	366.0271175	
366_0546027	366.0546027	C01081
366_1644875	366.1644875	C09220
366_9370028	366.9370028	
367_0742638	367.0742638	
367_0885778	367.0885778	C15073;C18422
367_0961704	367.0961704	C01314;C06817;C09173;C11854;C11867;C11871;C16517;C18037
367_1107435	367.1107435	C15387
367_9175807	367.9175807	
367_9644319	367.9644319	
368_0251278	368.0251278	C14951
368_0322747	368.0322747	C10933
368_0376697	368.0376697	C00020;C00362;C00946;C01367;C04378;C19970
368_0938858	368.0938858	C18503;C20994
368_1436514	368.1436514	C09220;C15458
368_9076842	368.9076842	
368_9334452	368.9334452	
368_960866	368.960866	
368_9878299	368.9878299	
369_040973	369.040973	C06162;C19413
369_0600299	369.0600299	C03683;C10966;C19591;C19592
369_0728569	369.0728569	C09141;C18743
369_0764494	369.0764494	C09141;C09430;C14874;C17083
369_1128189	369.1128189	C02035;C09742;C11864;C11865;C21419
369_967805	369.967805	C08404
369_9774533	369.9774533	
370_079533	370.079533	C14343;C21162;C21163;C21273
370_1593716	370.1593716	C10157
370_9144923	370.9144923	
370_975952	370.975952	
371_0384499	371.0384499	C10966
371_0424361	371.0424361	C10334;C18895;C21113
371_074978	371.074978	C06681;C19590
371_2298904	371.2298904	
372_0264712	372.0264712	C01031;C09575
372_0304397	372.0304397	
372_0375416	372.0375416	C03997
372_039941	372.039941	
372_1888496	372.1888496	
372_3038057	372.3038057	
372_9271996	372.9271996	
372_938602	372.938602	
372_9593988	372.9593988	
373_0911792	373.0911792	C10030;C10183;C10407;C10471;C10516;C15100;C16418;C16753;C17784;C17785;C19584
373_172698	373.172698	C20963;C20964
373_1998872	373.1998872	C00427;C00584;C00696;C01312;C02198;C04654;C04671;C04853;C05960;C06314;C06315;C06476;C11997;C13807;C13808;C17652;C17656
373_2092957	373.2092957	
374_0256935	374.0256935	C17267
374_0419745	374.0419745	C08088;C09343;C11031;C14180
374_0751738	374.0751738	C08568
374_1566685	374.1566685	C10380;C17364
374_8823904	374.8823904	
374_9081958	374.9081958	
375_0770975	375.0770975	C09326;C11035
375_0897203	375.0897203	C14893
375_1619219	375.1619219	C07818;C07849
375_9339741	375.9339741	C10977;C10978
375_9508622	375.9508622	
375_9768328	375.9768328	C11068
376_0268645	376.0268645	
376_0447153	376.0447153	
376_0927055	376.0927055	
376_9394637	376.9394637	
377_0291647	377.0291647	C01421;C02887;C09206;C09264
377_0553731	377.0553731	
377_0620351	377.0620351	C01531
377_1124506	377.1124506	
377_1803698	377.1803698	
377_9463879	377.9463879	
377_9881855	377.9881855	
377_9928637	377.9928637	
377_9962797	377.9962797	
378_0266866	378.0266866	C16619
378_054642	378.054642	C04628
378_0766779	378.0766779	C09380;C14626
378_0892202	378.0892202	C12766;C18540
378_9298813	378.9298813	
379_0471628	379.0471628	C10969;C12368
379_0743451	379.0743451	
379_1960709	379.1960709	
379_9587096	379.9587096	
379_9620115	379.9620115	
379_9887597	379.9887597	
380_0252499	380.0252499	
380_038825	380.038825	C11097;C15772
380_0423049	380.0423049	
380_1800535	380.1800535	
380_8993507	380.8993507	C11322
380_9136643	380.9136643	
380_9432697	380.9432697	C19148
380_9526503	380.9526503	
381_0899211	381.0899211	C08324
381_9284327	381.9284327	
382_0041416	382.0041416	C08413
382_0519013	382.0519013	C14434
382_1093969	382.1093969	
382_2444192	382.2444192	
382_8801326	382.8801326	
382_923333	382.923333	C19148
382_9491381	382.9491381	
383_0230306	383.0230306	C13833
383_0504903	383.0504903	C00105;C01168;C01368;C03031
383_0558377	383.0558377	
383_0754697	383.0754697	C00961;C08562;C09771;C11671;C12037;C12366;C18709;C20503
383_0883854	383.0883854	C01699;C09062;C09104;C09174;C09190;C09385;C09512;C09547;C11855;C11856;C11869
383_1031398	383.1031398	
383_1194462	383.1194462	C02130;C04333;C04420;C17362;C17363;C19267
383_2652014	383.2652014	
383_9707685	383.9707685	
383_9835354	383.9835354	C08413
383_9930409	383.9930409	
384_0052478	384.0052478	
384_0111725	384.0111725	C00020;C00362;C00946;C01367;C04378;C19970
384_0326095	384.0326095	C00144;C06193;C18239;C19968
384_0916402	384.0916402	C07524
384_2321979	384.2321979	C10641;C11695;C15128
384_4899984	384.4899984	
384_849697	384.849697	
384_8772381	384.8772381	C06644
384_9300999	384.9300999	
384_9382056	384.9382056	
384_9655394	384.9655394	
384_9842263	384.9842263	
384_9914579	384.9914579	
385_0216788	385.0216788	C08429
385_054002	385.054002	C08562;C10595
385_0650501	385.0650501	C04639
385_0910136	385.0910136	C03503;C09922;C09924;C10074;C10446;C17011;C17471;C17958;C18884;C20445;C20502;C20504
385_9450602	385.9450602	
385_9626623	385.9626623	
386_0253857	386.0253857	
386_0366979	386.0366979	C14492
386_0427006	386.0427006	C05247;C14871;C18295
386_0554755	386.0554755	
386_0944635	386.0944635	C17244
386_2044124	386.2044124	
386_2303376	386.2303376	
386_8920172	386.8920172	C21859
386_9428385	386.9428385	
386_9533539	386.9533539	
387_1067915	387.1067915	C09479;C14985;C14986;C15390;C16188;C16189;C17475;C20500;C20501
387_1882504	387.1882504	
387_2247607	387.2247607	
387_987536	387.987536	
388_0049395	388.0049395	
388_0213688	388.0213688	C12685;C18295
388_1834621	388.1834621	
388_889027	388.889027	
389_0080557	389.0080557	C09216;C15095;C18964
389_0122115	389.0122115	C04733;C06118;C14389
389_0397341	389.0397341	
389_052361	389.052361	C13835
389_1052911	389.1052911	C05315
389_1675833	389.1675833	C20925
389_1774295	389.1774295	C07116;C11573;C11574;C11575;C21553
389_9923837	389.9923837	
390_0482232	390.0482232	
390_9167085	390.9167085	
390_9553498	390.9553498	
390_9869833	390.9869833	
391_054724	391.054724	
391_0710327	391.0710327	
391_0821526	391.0821526	C10355
391_1074214	391.1074214	C06162;C06165;C17874;C21665
391_9620598	391.9620598	
391_9921211	391.9921211	
392_0088329	392.0088329	
392_0118514	392.0118514	
392_0424351	392.0424351	C16620
392_5190266	392.5190266	
393_0065704	393.0065704	C13703
393_0204902	393.0204902	C04454
393_0629334	393.0629334	C04778;C10877;C12369;C12375;C18530
393_0901323	393.0901323	
393_9615324	393.9615324	
394_0125879	394.0125879	C01621
394_0221471	394.0221471	
394_0543868	394.0543868	C08342;C17751;C18062
394_0581645	394.0581645	C21132;C21134
394_9289731	394.9289731	C18970
394_9590417	394.9590417	C19029
394_9953627	394.9953627	C08076
395_1544914	395.1544914	C02590
395_9597132	395.9597132	
396_0201402	396.0201402	C08418
396_0651703	396.0651703	C05557;C06564;C10584
397_03879	397.03879	C11151
397_066184	397.066184	C04437;C08324
397_07175	397.07175	C06327
397_0792795	397.0792795	C07713;C17754
397_0913971	397.0913971	C03686;C09768;C09773;C11636;C11649;C12402;C12418;C12419;C18631;C19979
397_1189827	397.1189827	C17097
397_9865833	397.9865833	
398_0092056	398.0092056	
398_0747664	398.0747664	C11240;C18486;C19154
398_1229349	398.1229349	C09593;C18414
398_2045675	398.2045675	
398_8655515	398.8655515	
398_9459585	398.9459585	C07870
398_9539939	398.9539939	
398_970928	398.970928	
398_9813654	398.9813654	
399_0072781	399.0072781	
399_0374632	399.0374632	
399_0462426	399.0462426	C03853
399_0810456	399.0810456	
399_107143	399.107143	C03502;C03944;C03946;C04074;C09477;C10090;C10553;C10729;C12229;C12230;C14963;C15555;C17473;C18614;C21185;C21786
399_1230841	399.1230841	C02034;C03579;C09090;C09184;C09395;C09442;C09451;C09474;C09585;C09607;C09759;C09978;C11862;C18167;C18698;C19145;C20456
399_9785796	399.9785796	C10977;C10978
400_0367134	400.0367134	C06878;C19021
400_058901	400.058901	C05194;C06629;C12225;C14626;C14862
400_0715392	400.0715392	C16822
400_1104657	400.1104657	C17248
400_2201854	400.2201854	
400_9985281	400.9985281	C08068
401_0141967	401.0141967	C00363;C21851
401_0618669	401.0618669	
401_1228085	401.1228085	C04007;C09262;C10112;C14472;C14943;C14944;C15076;C18678;C21801;C22067
401_2042766	401.2042766	
402_0033594	402.0033594	
402_0207879	402.0207879	C07659;C11097
402_073503	402.073503	C09364;C09372;C09955
402_1993741	402.1993741	
402_9048213	402.9048213	
402_9576744	402.9576744	
402_9650893	402.9650893	
403_9775361	403.9775361	C18821
404_0142718	404.0142718	
404_0638866	404.0638866	
404_9195742	404.9195742	
404_927384	404.927384	
404_932146	404.932146	
404_9583753	404.9583753	
405_0026818	405.0026818	
405_0704536	405.0704536	
405_0979768	405.0979768	C00021;C10525
405_1896659	405.1896659	C17970
405_9911857	405.9911857	C10933;C18490
406_0247706	406.0247706	C20304
406_0275931	406.0275931	
406_086136	406.086136	C10993
407_0220991	407.0220991	C02273;C04354;C20815
407_036157	407.036157	
408_0031452	408.0031452	
408_0377991	408.0377991	
408_9443026	408.9443026	
408_96479	408.96479	
408_9900819	408.9900819	
409_0915363	409.0915363	C01533;C01957;C09800;C10295;C10949;C11673;C12377;C12422;C12423;C16963;C20500;C20501
409_1702779	409.1702779	C18602
409_975278	409.975278	
409_9782574	409.9782574	
410_019484	410.019484	C08425;C11031
410_0357976	410.0357976	C08407;C17256;C18761
410_0483086	410.0483086	C04831;C05993;C06241;C08169;C18571
410_0809134	410.0809134	C06888
410_9720177	410.9720177	C17121
410_9788397	410.9788397	
411_0245383	411.0245383	
411_0874624	411.0874624	
411_0948446	411.0948446	C11584
412_0150732	412.0150732	C08407;C17256;C17275
412_0603414	412.0603414	
412_0907287	412.0907287	C01814
412_2202099	412.2202099	
412_9424147	412.9424147	
412_969521	412.969521	
412_9866158	412.9866158	
413_0228582	413.0228582	
413_0531255	413.0531255	
413_0967382	413.0967382	C20333
413_1226441	413.1226441	C01007;C09443;C09447;C09577;C10207;C10486;C10498;C10627;C10871;C10874;C10882;C22146
413_987185	413.987185	C19054
413_990198	413.990198	
414_0432293	414.0432293	C11745
414_0523755	414.0523755	
414_2358276	414.2358276	
414_9234179	414.9234179	
414_9698091	414.9698091	
415_0406167	415.0406167	
415_0465631	415.0465631	C19041
415_0623792	415.0623792	
415_9882341	415.9882341	C05924
415_9952222	415.9952222	
416_0364491	416.0364491	C15563
416_2151772	416.2151772	C01341
416_9204214	416.9204214	
416_9803871	416.9803871	C03444
416_9900917	416.9900917	C12285;C21878
417_024353	417.024353	
417_0396223	417.0396223	C10306;C10559;C12373;C12416
418_8898423	418.8898423	
418_9116188	418.9116188	
418_9352784	418.9352784	
418_9429181	418.9429181	
418_9738664	418.9738664	
419_1135016	419.1135016	C00019
420_0401365	420.0401365	
420_0588266	420.0588266	
420_1168607	420.1168607	C07397;C19605;C19606
420_1888943	420.1888943	
420_9177532	420.9177532	
421_0280055	421.0280055	C03853;C11025
421_1973865	421.1973865	C02010
421_2359788	421.2359788	C03240;C09145;C11256;C15280
422_0315184	422.0315184	C10961
422_0534892	422.0534892	C03431;C21125
422_0893416	422.0893416	
422_122973	422.122973	C05194;C12225;C21599;C21600
422_8983832	422.8983832	
422_9598169	422.9598169	C05707
422_9803319	422.9803319	
422_9901433	422.9901433	
423_0055821	423.0055821	
423_1071144	423.1071144	C01852;C04007;C04541;C09262;C09781;C09802;C10112;C10636;C14943;C14944;C21587;C22067
423_2516573	423.2516573	
423_9907305	423.9907305	C00112
423_9938644	423.9938644	C00112
424_0512709	424.0512709	C17257
424_8681265	424.8681265	
424_8954807	424.8954807	
424_9769703	424.9769703	C00015
424_9941798	424.9941798	
425_0400369	425.0400369	C08539;C17753;C20684
425_0805065	425.0805065	C05526
425_122597	425.122597	C01433;C08558;C10708;C16968
425_1300803	425.1300803	C07816
425_1651429	425.1651429	
426_030473	426.030473	C08408;C14949;C14950;C17257
426_0757873	426.0757873	C12201;C13440
426_2358473	426.2358473	
426_910632	426.910632	
427_0022181	427.0022181	C11755
427_0798339	427.0798339	C10275;C10525;C10823
427_2735039	427.2735039	
427_9528241	427.9528241	
428_0026081	428.0026081	
428_0060381	428.0060381	
428_0464016	428.0464016	
428_0589465	428.0589465	
428_0679551	428.0679551	
428_215118	428.215118	C11331
428_2514653	428.2514653	
429_0002478	429.0002478	
429_0622076	429.0622076	C06165
429_0930429	429.0930429	
430_0110081	430.0110081	C18919
430_06841	430.06841	C05316
430_1947005	430.1947005	
430_2307709	430.2307709	
430_9916134	430.9916134	C08065
431_0551558	431.0551558	C10633;C12415;C12417;C12421;C18630
431_0795531	431.0795531	C18553
431_2205228	431.2205228	C12000
432_2100853	432.2100853	
432_2237977	432.2237977	C20097
432_9275011	432.9275011	
432_9511571	432.9511571	C08076
433_9970161	433.9970161	
434_042132	434.042132	
434_9205501	434.9205501	C18521
434_9245323	434.9245323	
435_0229421	435.0229421	C03853
435_0874718	435.0874718	C00019
436_0125076	436.0125076	
436_0248307	436.0248307	C10961;C18826
436_9138727	436.9138727	
436_9755991	436.9755991	
437_0017034	437.0017034	C03853;C22031
437_2012133	437.2012133	
438_0095694	438.0095694	C11038
438_0670967	438.0670967	C22274
439_0259945	439.0259945	
439_2919665	439.2919665	
440_0139682	440.0139682	
440_0463126	440.0463126	C08406
440_9262708	440.9262708	
440_9467499	440.9467499	C17127
440_9649173	440.9649173	
441_0177859	441.0177859	
441_0955913	441.0955913	C10245;C10708;C10835
441_9682485	441.9682485	
442_0180367	442.0180367	C00035;C11493;C18849;C20176
442_0217194	442.0217194	C18441;C18849
442_0407978	442.0407978	
442_1943115	442.1943115	C13788;C16448
442_2307433	442.2307433	
442_8957816	442.8957816	
442_9233679	442.9233679	
443_2258297	443.2258297	
444_0079826	444.0079826	C08411
444_023617	444.023617	
444_0840232	444.0840232	
444_2099571	444.2099571	
444_2464686	444.2464686	
445_0109923	445.0109923	
445_0305316	445.0305316	
445_043082	445.043082	C06894
445_0530813	445.0530813	C00570;C09011
445_0876881	445.0876881	
445_0999996	445.0999996	C03156;C09020
445_2362687	445.2362687	C00695;C01558;C03641;C04661;C11602;C17644;C17647;C17649;C17650;C17654;C17657;C17667;C17668;C17726;C17727;C17737;C20866;C20868
445_9543769	445.9543769	
445_9758948	445.9758948	
445_9803486	445.9803486	
445_9842901	445.9842901	
446_0144207	446.0144207	C18871
446_0423633	446.0423633	C10957
446_0507172	446.0507172	C11248;C16855
446_0773897	446.0773897	
446_0908759	446.0908759	
446_1139927	446.1139927	C18561
446_1898337	446.1898337	
446_2258684	446.2258684	
446_2396928	446.2396928	
446_2501936	446.2501936	
446_9176313	446.9176313	
446_9641555	446.9641555	C21767
446_9729157	446.9729157	
446_9787398	446.9787398	
447_2519124	447.2519124	C08581;C14674
447_9466066	447.9466066	
447_9765095	447.9765095	
447_9913856	447.9913856	
448_0043594	448.0043594	C00008;C00054;C00361;C03850
448_0127624	448.0127624	
448_0168433	448.0168433	
448_021551	448.021551	C18859
448_0258929	448.0258929	C06887
448_0304074	448.0304074	C16855
448_0579075	448.0579075	C08425
448_0664177	448.0664177	
448_1227946	448.1227946	C01870;C08335
448_2552044	448.2552044	
448_9404825	448.9404825	C21767
449_2674304	449.2674304	C08148;C19900
450_0282925	450.0282925	
450_0409314	450.0409314	
450_0971277	450.0971277	C04713;C09592
450_2707632	450.2707632	
450_8679416	450.8679416	
450_9638642	450.9638642	C17111;C17112
450_9912153	450.9912153	
451_0172568	451.0172568	
451_0441551	451.0441551	C12383;C18444;C18632
451_0632691	451.0632691	C09769
451_0759371	451.0759371	
451_079812	451.079812	C07664;C10216;C10316;C10346;C10524;C10871;C10874;C15580
451_3154557	451.3154557	
451_9584855	451.9584855	C07759
451_9630963	451.9630963	
451_9808155	451.9808155	
451_9989913	451.9989913	
452_0131688	452.0131688	C11754
452_079274	452.079274	
452_0828488	452.0828488	
452_8375449	452.8375449	
452_8650925	452.8650925	C17084
452_887634	452.887634	
452_9176806	452.9176806	
452_9259234	452.9259234	
452_9534005	452.9534005	
452_9791356	452.9791356	
453_0416239	453.0416239	C05692
453_0784898	453.0784898	C01460;C01714;C04608;C09126;C10345;C10420;C16911
453_08618	453.08618	C18549
453_1154355	453.1154355	C14942;C14953;C16223
453_196561	453.196561	
453_307773	453.307773	
453_9789914	453.9789914	
453_9827302	453.9827302	C11038
454_012998	454.012998	C20799
454_0298423	454.0298423	
454_0336587	454.0336587	
454_0437626	454.0437626	
454_0819848	454.0819848	
454_1919866	454.1919866	C19904
454_218103	454.218103	
454_267171	454.267171	
454_8797107	454.8797107	
454_9159144	454.9159144	
454_9305264	454.9305264	C01243;C01245
454_9418539	454.9418539	
454_9627311	454.9627311	
455_094548	455.094548	C09099;C11674;C16406;C16407;C16492
455_1020297	455.1020297	
455_2031416	455.2031416	C03019;C09058;C09075;C17029
455_2512821	455.2512821	
455_9451266	455.9451266	
455_9754928	455.9754928	C13102
456_0288155	456.0288155	
456_0449383	456.0449383	C08401
456_0783549	456.0783549	C10988;C18147
456_2103715	456.2103715	
456_2465295	456.2465295	
456_28278	456.28278	
456_8768453	456.8768453	
456_885623	456.885623	
456_9116717	456.9116717	C01243;C01245;C11099
456_9392406	456.9392406	
457_0801354	457.0801354	C07316;C14918
457_0930917	457.0930917	
457_1652028	457.1652028	C09801;C16809;C17053
457_9802895	457.9802895	
458_0115364	458.0115364	C22235
458_0302923	458.0302923	
458_0479727	458.0479727	
458_0635566	458.0635566	
458_0959483	458.0959483	C10990
458_1283765	458.1283765	C15037
458_2075355	458.2075355	C10603;C21169
458_2257587	458.2257587	
458_2621964	458.2621964	
458_9041558	458.9041558	
458_9276565	458.9276565	
458_9666605	458.9666605	C18736
458_9748157	458.9748157	C11727;C18861
459_0322652	459.0322652	C00689;C02591;C02995;C04534;C05396;C10077;C10089;C10095;C16688;C16979;C18050;C20237;C22088
459_0361309	459.0361309	C06894
459_0462455	459.0462455	C15693
459_058591	459.058591	
459_0697329	459.0697329	C03486;C09617;C10873;C16071;C18438
459_0950591	459.0950591	C09020;C12382;C15155;C18297;C20505
459_9496264	459.9496264	
459_9796192	459.9796192	C08411
459_9915145	459.9915145	
459_9960319	459.9960319	
459_9998452	459.9998452	
460_0300221	460.0300221	
460_0457621	460.0457621	
460_0579158	460.0579158	
460_0619537	460.0619537	
460_066202	460.066202	C18826
460_0794984	460.0794984	C03928
460_0932818	460.0932818	
460_3157612	460.3157612	
460_8360856	460.8360856	C19003
460_9942459	460.9942459	
461_0077659	461.0077659	
461_0404067	461.0404067	
461_0776578	461.0776578	C09020
461_0866165	461.0866165	C07602;C07604;C09105;C09309;C16816;C21479
461_1496018	461.1496018	C06843;C21575
461_189121	461.189121	
461_2407167	461.2407167	
461_6754544	461.6754544	
461_9654479	461.9654479	
462_0284788	462.0284788	
462_0417765	462.0417765	C07659
462_0457142	462.0457142	C07659
462_1924514	462.1924514	
462_2206945	462.2206945	
462_228232	462.228232	
462_6786336	462.6786336	
462_9170033	462.9170033	
462_9562119	462.9562119	
463_1865862	463.1865862	
464_0080323	464.0080323	
464_0443013	464.0443013	
464_0526362	464.0526362	
464_0561194	464.0561194	
464_1129928	464.1129928	C13440
464_2484258	464.2484258	
464_8512074	464.8512074	
464_8838428	464.8838428	
464_8876373	464.8876373	
464_8997407	464.8997407	
464_9270212	464.9270212	
464_9359586	464.9359586	
464_9795183	464.9795183	
465_0269073	465.0269073	C08145
465_0333484	465.0333484	C05673
465_0541076	465.0541076	C18555
465_0598397	465.0598397	C12425
465_0794354	465.0794354	C06799
465_092233	465.092233	C20656
465_1071697	465.1071697	
465_1232515	465.1232515	
465_9486159	465.9486159	
465_9794506	465.9794506	C10907
465_9970965	465.9970965	
466_0057873	466.0057873	C18563
466_0153717	466.0153717	C17092
466_0364952	466.0364952	
466_062949	466.062949	C18441
466_0955074	466.0955074	C11742
466_19224	466.19224	
466_2287863	466.2287863	
466_2364276	466.2364276	
466_848201	466.848201	
466_8535026	466.8535026	
466_8811561	466.8811561	
466_9031718	466.9031718	C21769
466_9338082	466.9338082	C20422
466_9421037	466.9421037	
466_9588991	466.9588991	
466_9695983	466.9695983	
466_9953133	466.9953133	
467_0114902	467.0114902	C08160
467_0253466	467.0253466	
467_0579009	467.0579009	C10025
467_0690181	467.0690181	
467_0949139	467.0949139	C05376;C10381;C10384;C10538;C16195;C17835;C18359
467_1031964	467.1031964	
467_1110882	467.1110882	C10884;C14942;C14953;C16223
467_1761282	467.1761282	
467_2127704	467.2127704	
467_9490414	467.9490414	
467_9667052	467.9667052	
467_9952021	467.9952021	C17092
468_0291041	468.0291041	
468_0465979	468.0465979	
468_0595607	468.0595607	
468_0726288	468.0726288	C11742
468_0982945	468.0982945	
468_2110322	468.2110322	
468_2471074	468.2471074	
468_283411	468.283411	
468_8506301	468.8506301	
468_8959673	468.8959673	
468_9036196	468.9036196	
468_9467096	468.9467096	
468_9571782	468.9571782	C11704
469_1108666	469.1108666	C17391;C17564
469_1678988	469.1678988	
469_2420715	469.2420715	C08772;C09076;C11297
469_2674212	469.2674212	
469_9867949	469.9867949	
469_9911091	469.9911091	
470_0089233	470.0089233	
470_0612549	470.0612549	C12137;C17250
470_0899259	470.0899259	
470_2263799	470.2263799	C11330
470_2628453	470.2628453	
470_2990376	470.2990376	
470_8930819	470.8930819	
470_9455215	470.9455215	
470_996231	470.996231	C17121
471_0288204	471.0288204	
471_0561194	471.0561194	
471_0966233	471.0966233	
471_1092747	471.1092747	C06491;C15554
471_1813441	471.1813441	C03019;C05730;C07006;C09058;C09075;C09532;C17029
471_2577279	471.2577279	C09103
471_9655452	471.9655452	
471_9832095	471.9832095	C08420
471_9963764	471.9963764	
472_0232043	472.0232043	
472_0518365	472.0518365	
472_0797054	472.0797054	C11175
472_1125291	472.1125291	C05674;C18818
472_2419432	472.2419432	
472_2783615	472.2783615	
472_9076989	472.9076989	
472_9153427	472.9153427	
472_9203793	472.9203793	
472_9434874	472.9434874	
473_0254626	473.0254626	
473_0585024	473.0585024	
473_0747312	473.0747312	C10437
473_0860589	473.0860589	C01604;C04712;C10217
473_9544665	473.9544665	
473_9657327	473.9657327	
473_9957528	473.9957528	C08405;C08419
474_0121515	474.0121515	
474_0157275	474.0157275	C06881;C08410
474_0460803	474.0460803	
474_0617298	474.0617298	
474_0740436	474.0740436	
474_0779388	474.0779388	C11754
474_1061623	474.1061623	
474_9169107	474.9169107	C11591
475_0239953	475.0239953	
475_0937417	475.0937417	C11752;C18298
475_1026905	475.1026905	C07603;C09465;C17484
475_1872623	475.1872623	C14880;C18127
475_2661268	475.2661268	C08005
475_9162196	475.9162196	
475_9650382	475.9650382	
475_9698323	475.9698323	
475_9908605	475.9908605	
476_0259875	476.0259875	
476_0450546	476.0450546	
476_0578066	476.0578066	
476_061781	476.061781	
476_0974925	476.0974925	
476_2493007	476.2493007	C15694
476_278482	476.278482	
476_2974219	476.2974219	
476_8710719	476.8710719	
476_9327282	476.9327282	
476_9454152	476.9454152	
476_9622681	476.9622681	
476_9850025	476.9850025	C17877
476_998965	476.998965	
477_011488	477.011488	
477_0609385	477.0609385	C09105;C21479
477_1580783	477.1580783	
477_9402156	477.9402156	
477_9664662	477.9664662	
478_0073027	478.0073027	
478_0598993	478.0598993	
478_0684661	478.0684661	C01865
478_2942521	478.2942521	
478_8640089	478.8640089	
478_8992336	478.8992336	
478_9029314	478.9029314	C17127
478_9512578	478.9512578	
478_9950808	478.9950808	
479_0122342	479.0122342	
479_0423668	479.0423668	
479_0695865	479.0695865	
479_0752665	479.0752665	C06799
479_0949271	479.0949271	C01847;C08560
479_1226963	479.1226963	C06570;C06973
479_1562307	479.1562307	C08751;C08770;C09500;C09754;C09959;C10266;C10288;C17457
479_2152514	479.2152514	
479_9640345	479.9640345	C18454
480_002962	480.002962	
480_0783279	480.0783279	C18409
480_2077221	480.2077221	C16901
480_2519845	480.2519845	
480_8689776	480.8689776	
480_8828407	480.8828407	
480_9187638	480.9187638	
480_9449563	480.9449563	
480_9576758	480.9576758	C01337;C18861
480_9744186	480.9744186	
480_9851631	480.9851631	
481_0107468	481.0107468	C18536
481_0409144	481.0409144	C11727
481_0845553	481.0845553	C20985
481_1106209	481.1106209	
481_1264833	481.1264833	C20562
481_2279636	481.2279636	C17614
481_9746611	481.9746611	
481_9822995	481.9822995	
482_0107077	482.0107077	
482_0307016	482.0307016	
482_0402919	482.0402919	C04832;C21337
482_0625194	482.0625194	C03928
482_0751334	482.0751334	
482_0813077	482.0813077	C08417;C21017
482_0879442	482.0879442	C08495
482_1022942	482.1022942	
482_1139398	482.1139398	C06839;C21664
482_2236044	482.2236044	
482_2495463	482.2495463	
482_298407	482.298407	
482_8888523	482.8888523	
482_9013675	482.9013675	
482_9114147	482.9114147	
482_9574092	482.9574092	
483_0019864	483.0019864	
483_028141	483.028141	C05837
483_0652653	483.0652653	
483_0689972	483.0689972	C01750;C01821;C03951;C05376;C08598;C10042;C10114;C10381;C10384;C10538;C12249;C12626;C16195;C16409;C17056;C17835;C18359
483_0778952	483.0778952	C04101
483_1264465	483.1264465	
483_1708372	483.1708372	C12183
483_1833926	483.1833926	C01674;C11640;C17068
483_2576645	483.2576645	C01844
483_2938657	483.2938657	
483_9760975	483.9760975	
484_0067785	484.0067785	
484_0244273	484.0244273	
484_0767918	484.0767918	C08604;C08647;C16298;C17252
484_2417929	484.2417929	
484_2781828	484.2781828	
484_3145289	484.3145289	
484_8697064	484.8697064	
484_9084934	484.9084934	
484_9199353	484.9199353	
484_9608355	484.9608355	
485_2368711	485.2368711	
485_2733069	485.2733069	
485_980951	485.980951	
485_9989863	485.9989863	
486_037793	486.037793	
486_2211159	486.2211159	
486_2574413	486.2574413	
486_2938477	486.2938477	
486_8781671	486.8781671	
486_9232768	486.9232768	
486_9308522	486.9308522	
486_958446	486.958446	
487_0066078	487.0066078	
487_0740402	487.0740402	
487_0893444	487.0893444	
487_1014333	487.1014333	C00307;C08600;C09478;C11315
487_2160901	487.2160901	C07872
487_2524084	487.2524084	
487_9696877	487.9696877	
487_9873289	487.9873289	
488_0054116	488.0054116	
488_0277639	488.0277639	C11748
488_0311082	488.0311082	
488_0772736	488.0772736	
488_1048396	488.1048396	
488_2111727	488.2111727	
488_2730413	488.2730413	
488_9202786	488.9202786	
488_9323741	488.9323741	
489_0395696	489.0395696	
489_0595957	489.0595957	C10217
489_3031962	489.3031962	C21768
489_9317046	489.9317046	
489_9853461	489.9853461	
490_0237064	490.0237064	
490_041641	490.041641	
490_0775916	490.0775916	
490_8867113	490.8867113	
490_9478949	490.9478949	
490_977998	490.977998	C01345;C06880;C17877
490_9933542	490.9933542	
491_0270065	491.0270065	
491_0950758	491.0950758	C18901;C20641
491_2240155	491.2240155	
491_9558866	491.9558866	
491_9816301	491.9816301	
492_0230643	492.0230643	
492_0393508	492.0393508	
492_0756997	492.0756997	
492_0843048	492.0843048	
492_1839983	492.1839983	C03577
492_2470513	492.2470513	
492_8564172	492.8564172	
492_9666378	492.9666378	
493_0280264	493.0280264	
493_091028	493.091028	C01847;C06491;C10886
493_1105139	493.1105139	C00445;C05820
493_1235754	493.1235754	C03709
493_1720454	493.1720454	C09401;C09469;C09783
493_230957	493.230957	
493_9844339	493.9844339	
494_0186606	494.0186606	
494_0474805	494.0474805	C08420;C21805
494_0942786	494.0942786	C05674
494_2233383	494.2233383	
494_2675955	494.2675955	
494_8984776	494.8984776	
494_94584	494.94584	
494_9610061	494.9610061	
494_99011	494.99011	
495_0263598	495.0263598	C15693
495_0307457	495.0307457	
495_0349638	495.0349638	C09731;C12379
495_0502021	495.0502021	
495_0564401	495.0564401	C10437
495_0674891	495.0674891	C01847
495_1002234	495.1002234	
495_1262327	495.1262327	C10715
495_9407359	495.9407359	C05686
495_9907127	495.9907127	C11039
495_9934612	495.9934612	C11039
496_0264658	496.0264658	
496_0341925	496.0341925	
496_0406538	496.0406538	
496_0467135	496.0467135	
496_0558488	496.0558488	C03928
496_0971124	496.0971124	C15976
496_1036812	496.1036812	
496_2687138	496.2687138	C15823;C20542;C20593
496_9045668	496.9045668	
496_926975	496.926975	C01155;C01156
497_0438512	497.0438512	
497_0657268	497.0657268	C03115
497_0846525	497.0846525	C05990;C10104;C10187;C10533;C17762
497_0931646	497.0931646	
497_2045546	497.2045546	C11657;C11658
497_2732791	497.2732791	
497_9917641	497.9917641	
497_9990985	497.9990985	
498_04004	498.04004	C08405
498_2574329	498.2574329	
498_2937866	498.2937866	
498_8741566	498.8741566	
498_885287	498.885287	
498_8965155	498.8965155	
498_924093	498.924093	
498_9762584	498.9762584	
498_9836865	498.9836865	
498_9930741	498.9930741	
499_0279357	499.0279357	C03515;C06879;C10226;C14319
499_0550204	499.0550204	
499_0673553	499.0673553	C05623;C10050;C10073;C10108;C12639;C16410;C17763
499_1364577	499.1364577	C09405;C09463;C09636;C14895
499_2125996	499.2125996	C11134;C15538
499_252493	499.252493	
499_2889036	499.2889036	C11758
501_0051766	501.0051766	C08422
503_0081241	503.0081241	
503_1603665	503.1603665	C00492;C00713;C00883;C01835;C02160;C03367;C03661;C03848;C05404;C06219;C08239;C08243;C08251;C21454
506_9544177	506.9544177	
506_9592118	506.9592118	
509_0042891	509.0042891	
510_966209	510.966209	
510_9711179	510.9711179	
515_0260563	515.0260563	
517_0192682	517.0192682	C06773
520_9699015	520.9699015	C01155;C01156
523_0197077	523.0197077	
524_9816375	524.9816375	
524_9867435	524.9867435	C18430
526_9918465	526.9918465	
529_0366967	529.0366967	C11254;C12048
529_0417744	529.0417744	
530_9946559	530.9946559	
532_9568581	532.9568581	
538_9968635	538.9968635	C19799
539_0023545	539.0023545	
542_9601349	542.9601349	
546_9722909	546.9722909	
546_977815	546.977815	
555_0259489	555.0259489	
555_0587436	555.0587436	
555_0747603	555.0747603	C10103
555_0859303	555.0859303	
556_9091347	556.9091347	
556_918614	556.918614	
556_9225319	556.9225319	
557_0298642	557.0298642	C10392
558_0082953	558.0082953	
558_0141672	558.0141672	
558_0586255	558.0586255	
558_0624502	558.0624502	C00301;C01882;C02741
558_0677935	558.0677935	
558_1721864	558.1721864	C07304;C07307
558_6740133	558.6740133	
558_9328548	558.9328548	
558_9386969	558.9386969	
558_9627504	558.9627504	
558_999006	558.999006	
560_0239732	560.0239732	
560_0297516	560.0297516	
560_9569767	560.9569767	
560_9607257	560.9607257	
561_0755946	561.0755946	
561_9902725	561.9902725	
561_9961387	561.9961387	C17163
562_9195567	562.9195567	
562_9398117	562.9398117	C18876
562_9746569	562.9746569	
562_9803684	562.9803684	
562_9854379	562.9854379	C08428
563_0109241	563.0109241	C06882
563_0165293	563.0165293	
563_0333104	563.0333104	C12210
563_0617787	563.0617787	
563_0661393	563.0661393	C00842;C02097
563_071877	563.071877	C11462
563_0846965	563.0846965	
563_0906621	563.0906621	
563_1106896	563.1106896	C10234
563_1165983	563.1165983	C09114
564_0694218	564.0694218	
564_0752416	564.0752416	C12319;C12320
564_0810804	564.0810804	
564_1838368	564.1838368	C01688;C01925;C18642
564_189603	564.189603	
564_9171944	564.9171944	C18567;C18876
564_9364615	564.9364615	
564_969037	564.969037	C08428
564_972837	564.972837	
565_007373	565.007373	
566_9614825	566.9614825	
566_9689204	566.9689204	
566_9837486	566.9837486	
568_9231388	568.9231388	
568_9366145	568.9366145	
568_9582776	568.9582776	
569_0368438	569.0368438	C11920;C11923;C12446;C18636;C21349
569_0741808	569.0741808	
569_1013236	569.1013236	
569_107499	569.107499	C04068;C04069;C04193;C15677
569_1621737	569.1621737	C15579;C18004
569_9867093	569.9867093	C13745
570_9339146	570.9339146	
570_9857224	570.9857224	
571_2086434	571.2086434	
571_286433	571.286433	C20972
572_0237217	572.0237217	
572_029788	572.029788	
572_0392459	572.0392459	
572_0774908	572.0774908	C05136;C11471;C16301;C20613
572_0834182	572.0834182	C06778;C22161
572_8865885	572.8865885	
572_9479586	572.9479586	
572_9541148	572.9541148	
572_978237	572.978237	
574_0393843	574.0393843	C04674
574_0453809	574.0453809	
574_9821775	574.9821775	
575_2639176	575.2639176	C09916;C10006;C21603
576_3280897	576.3280897	
576_8985272	576.8985272	
576_9432688	576.9432688	
576_9900986	576.9900986	
576_9960437	576.9960437	
577_0264633	577.0264633	
577_1002297	577.1002297	
577_1062117	577.1062117	
577_9917382	577.9917382	
578_0404205	578.0404205	
578_9481352	578.9481352	
578_9520305	578.9520305	
578_9845598	578.9845598	C06882
578_9881982	578.9881982	
580_04979	580.04979	C12319;C12320
580_0560382	580.0560382	C04121
580_8966009	580.8966009	
580_977062	580.977062	
580_9895288	580.9895288	
581_0482903	581.0482903	
582_9456386	582.9456386	
583_0488502	583.0488502	C03187;C03319;C03442;C06889;C07277;C11912;C11916;C11921;C12444;C20682
583_1170259	583.1170259	
584_9084188	584.9084188	
584_9438624	584.9438624	
584_9542438	584.9542438	
584_988585	584.988585	
585_0012109	585.0012109	
586_0454372	586.0454372	C00501;C02200;C02467;C12211;C19794
586_0515728	586.0515728	
586_9018909	586.9018909	
586_9468565	586.9468565	
586_9506773	586.9506773	
586_9634166	586.9634166	
586_9698374	586.9698374	
586_9938123	586.9938123	
587_0270469	587.0270469	C00029;C00052;C03733
587_0332215	587.0332215	C08428
589_2793479	589.2793479	C01079;C09994;C10002;C10012;C11962
590_9139362	590.9139362	
590_9206245	590.9206245	
590_9356308	590.9356308	
590_9493923	590.9493923	
590_9590571	590.9590571	
591_0012077	591.0012077	
591_0055776	591.0055776	
591_0117074	591.0117074	
591_2508831	591.2508831	
592_0067782	592.0067782	C19700
592_9532636	592.9532636	
592_9635821	592.9635821	
592_9674401	592.9674401	
593_0032825	593.0032825	
593_0099542	593.0099542	
593_270462	593.270462	
593_2767994	593.2767994	C15096;C18064
593_9708067	593.9708067	
594_2738616	594.2738616	
595_2860969	595.2860969	C08793
595_2924935	595.2924935	C08780
596_9604237	596.9604237	
597_0178396	597.0178396	
597_3017366	597.3017366	C06940;C19984;C19987
597_3081095	597.3081095	C09091;C17767
598_3050345	598.3050345	C08677
598_9239327	598.9239327	
598_9337629	598.9337629	
599_0039209	599.0039209	
599_0167698	599.0167698	
600_0241718	600.0241718	
600_9170647	600.9170647	
600_9659341	600.9659341	
600_9787837	600.9787837	
600_9855231	600.9855231	C12210
602_9668538	602.9668538	
604_9248431	604.9248431	
604_9293118	604.9293118	
604_9362317	604.9362317	
604_9746404	604.9746404	
605_0209418	605.0209418	
605_0273867	605.0273867	
605_0374955	605.0374955	
606_0222526	606.0222526	C19701
606_066549	606.066549	
606_0714021	606.0714021	C00043;C00203;C01170;C01219
606_077761	606.077761	
606_0818739	606.0818739	
606_8987104	606.8987104	
606_9059201	606.9059201	
606_9787565	606.9787565	
606_9827983	606.9827983	
607_0254317	607.0254317	
607_0746661	607.0746661	C21349
607_0811808	607.0811808	
607_9861992	607.9861992	
608_0272548	608.0272548	
610_9822671	610.9822671	
